category_name,department_name,list_price,unit_price
Cleaning,Beauty Care,8085170.0,334.39
Rc,Fashion,2797904.0,2749243.0
Wearables,Home & Living,7279000.0,7215000.0
Blocks,Beauty Care,393.16,389.37
Haircare,Fashion,1268000.0,52.39
Makeup,Home & Living,340.97,8112960000.0
Cameras,Toys,381.18,9101160.0
Board Games,Sports & Outdoors,5844285.0,5791711.0
Skincare,Electronic,216.26,5188552.0
Makeup,Beauty Care,374.78,8981304000.0
Audio,Fashion,995000.0,902.66
Phones,Home & Living,5533474.0,5519000.0
Wearables,Home & Living,9463204.0,392.19
Accessories,Sports & Outdoors,7484000.0,7445524000.0
Laptops,Toys,98.98,96.21
Rc,Beauty Care,7548431.0,311.45
Cameras,Sports & Outdoors,6684339.0,6679018.0
Board Games,Home & Living,398.58,398.14
Furniture,Home & Living,3276579000.0,133.05
Laptops,Toys,2877496.0,2857139.0
Clothing,Fashion,6074000.0,6066994000.0
Accessories,Toys,2597274.0,2561000.0
Cleaning,Fashion,2724543.0,111.39
Audio,Electronic,301.72,7203647000.0
Puzzles,Beauty Care,9023862000.0,8974354000.0
Skincare,Toys,1086000.0,1037200.0
Wearables,Fashion,4394715.0,4384574.0
Audio,Beauty Care,1245000.0,1178924.0
Blocks,Beauty Care,2063115.0,1987210.0
Phones,Fashion,378.98,9022300000.0
Team Sports,Beauty Care,5198344.0,5128000.0
Skincare,Electronic,85.38,1954491.0
Wearables,Sports & Outdoors,5491000.0,5426956.0
Laptops,Sports & Outdoors,146.92,3451605.0
Wearables,Electronic,404883000.0,12.77
Cleaning,Fashion,1864575.0,1848487.0
Laptops,Electronic,5333117.0,5235732.0
Accessories,Sports & Outdoors,373.62,8947638.0
Blocks,Electronic,5772409.0,238.53
Phones,Beauty Care,1105000.0,45.85
Shoes,Toys,521331.0,506184000.0
Makeup,Beauty Care,9739260.0,405.7
Phones,Electronic,1098165000.0,43.97
Board Games,Home & Living,8543404.0,8536949.0
Audio,Fashion,5135735.0,211.26
Wearables,Electronic,8793617.0,8745000.0
Fitness,Beauty Care,172.28,4054118.0
Team Sports,Toys,9752531.0,404.89
Shoes,Home & Living,1071601.0,1031000.0
Phones,Home & Living,6699862.0,6653483000.0
Haircare,Beauty Care,194.32,4572000.0
Rc,Toys,6655840.0,6645614.0
Rc,Beauty Care,3480580000.0,3392000.0
Cameras,Toys,212.71,5098879000.0
Phones,Home & Living,2217142000.0,2175990000.0
Phones,Home & Living,811000.0,768114.0
Shoes,Beauty Care,151.09,3625000.0
Rc,Beauty Care,6688213.0,277.09
Rc,Home & Living,7859032.0,7813563.0
Accessories,Fashion,50.49,1170984000.0
Phones,Home & Living,2186468.0,87.73
Board Games,Home & Living,3426128000.0,141.16
Skincare,Sports & Outdoors,5500737.0,5466472.0
Kitchen,Electronic,9901024.0,9881528.0
Laptops,Fashion,153466.0,114474000.0
Cycling,Beauty Care,5929000.0,5919107000.0
Laptops,Electronic,270.24,6457270.0
Wearables,Sports & Outdoors,303910000.0,246176.0
Audio,Electronic,3745176.0,153.07
Decor,Electronic,1057522.0,1037983.0
Audio,Toys,5636000.0,5592000.0
Audio,Fashion,4090514.0,4042573.0
Phones,Fashion,109715.0,45402.0
Clothing,Toys,917000.0,855000.0
Laptops,Sports & Outdoors,5414806.0,5412969.0
Fitness,Fashion,2542615000.0,2526791.0
Blocks,Beauty Care,275.43,6548768000.0
Phones,Home & Living,5142000.0,5091645.0
Cameras,Beauty Care,4267997000.0,4202965.0
Team Sports,Beauty Care,230.04,226.42
Makeup,Home & Living,7840404000.0,7834157000.0
Skincare,Fashion,9607845000.0,398.66
Clothing,Toys,25.71,536000.0
Cycling,Fashion,492103.0,430037.0
Fitness,Beauty Care,7147448.0,296.8
Shoes,Home & Living,4603052.0,4529742.0
Phones,Beauty Care,4162719000.0,170.32
Audio,Beauty Care,350.12,347.68
Cleaning,Home & Living,2325365000.0,2265990000.0
Skincare,Fashion,150.76,3565000.0
Team Sports,Electronic,6644000.0,275.65
Furniture,Home & Living,3414390.0,3382803000.0
Decor,Home & Living,2623571.0,108.66
Clothing,Beauty Care,4230658.0,4132328.0
Cycling,Sports & Outdoors,7993141.0,331.9
Makeup,Sports & Outdoors,8865949.0,8833167.0
Board Games,Electronic,5379253000.0,221.71
Wearables,Electronic,2876000.0,2862133.0
Makeup,Beauty Care,311.96,309.99
Kitchen,Fashion,205681.0,175000.0
Puzzles,Home & Living,2992052.0,2967859.0
Laptops,Fashion,7433669.0,305.73
Phones,Home & Living,5836493000.0,5750190.0
Kitchen,Toys,9558543000.0,9528365.0
Furniture,Toys,9220000.0,9184000.0
Outdoor,Beauty Care,3850000.0,3804000.0
Furniture,Fashion,204.84,204.41
Board Games,Fashion,326.08,7783558.0
Outdoor,Beauty Care,1643932000.0,65.85
Furniture,Sports & Outdoors,2319718.0,2221674.0
Furniture,Sports & Outdoors,385.66,9200982.0
Board Games,Electronic,150.11,3559307.0
Accessories,Home & Living,9668000.0,9617001.0
Outdoor,Fashion,8.89,140000.0
Laptops,Electronic,274.22,272.03
Skincare,Home & Living,4913438000.0,4833457.0
Shoes,Toys,4248027.0,174.52
Fitness,Toys,5138578000.0,5069625.0
Cleaning,Beauty Care,6994701.0,289.88
Cycling,Sports & Outdoors,371.01,8808502.0
Kitchen,Home & Living,5392282.0,5345313000.0
Cameras,Toys,56.66,1326471000.0
Rc,Beauty Care,8489843.0,8410158.0
Blocks,Electronic,5248953.0,5208644.0
Shoes,Sports & Outdoors,9625981.0,9551933.0
Shoes,Beauty Care,397.31,9532178.0
Laptops,Electronic,9800391.0,9783770.0
Blocks,Beauty Care,4028469.0,164.88
Shoes,Beauty Care,4742311000.0,194.79
Clothing,Home & Living,3607420.0,3599186.0
Clothing,Electronic,9046868000.0,8969248.0
Clothing,Home & Living,8216466.0,338.73
Furniture,Sports & Outdoors,1414000.0,1412411.0
Cameras,Home & Living,225.68,225.44
Phones,Toys,9116797.0,9022682.0
Skincare,Sports & Outdoors,3277990.0,3249457.0
Blocks,Electronic,269.88,269.22
Wearables,Electronic,90.58,2113526000.0
Wearables,Sports & Outdoors,9397820.0,9307000.0
Rc,Beauty Care,5639799.0,5582876.0
Rc,Toys,135.88,132.84
Board Games,Electronic,97.24,95.51
Decor,Home & Living,201.8,4831810000.0
Puzzles,Sports & Outdoors,377.37,9038979000.0
Audio,Beauty Care,133.48,3194483.0
Wearables,Electronic,5323676.0,5249396.0
Cameras,Sports & Outdoors,1565566000.0,1533125.0
Cameras,Electronic,408.69,9742789.0
Laptops,Beauty Care,269.18,6370000.0
Shoes,Beauty Care,4906529.0,4817000.0
Cleaning,Electronic,6986050.0,6907257.0
Haircare,Fashion,8512000.0,352.05
Skincare,Beauty Care,9836652.0,9812776.0
Decor,Toys,1415000.0,58.88
Clothing,Toys,158.73,3741910.0
Cameras,Home & Living,7012844000.0,289.81
Skincare,Home & Living,354.9,8433484.0
Decor,Home & Living,2211000.0,89.73
Outdoor,Toys,1559222000.0,1522059.0
Furniture,Sports & Outdoors,1935000.0,1919674.0
Haircare,Electronic,6544422000.0,272.05
Furniture,Toys,6200025000.0,6184000.0
Blocks,Fashion,1942966.0,78.41
Blocks,Sports & Outdoors,8444902.0,351.15
Accessories,Toys,4845159.0,197.96
Furniture,Fashion,569285000.0,529560.0
Shoes,Fashion,1638156.0,65.82
Fitness,Fashion,181.63,4348909.0
Wearables,Home & Living,4773791.0,197.42
Board Games,Sports & Outdoors,121.3,2867810.0
Kitchen,Electronic,89.94,2072000.0
Fitness,Beauty Care,166.01,3884626.0
Shoes,Sports & Outdoors,297.2,7053424.0
Team Sports,Sports & Outdoors,9234674.0,9219578000.0
Audio,Sports & Outdoors,143.07,3421564.0
Board Games,Home & Living,135.44,3230353.0
Decor,Fashion,9430081.0,9400679.0
Blocks,Home & Living,1016000.0,1013691.0
Shoes,Sports & Outdoors,60.0,58.95
Kitchen,Electronic,4318983.0,4304000.0
Accessories,Sports & Outdoors,9367908000.0,9334977.0
Phones,Electronic,257.09,6085548.0
Phones,Toys,184.73,181.83
Wearables,Fashion,5766000.0,5713059.0
Clothing,Toys,383.8,9143290.0
Cameras,Beauty Care,7293000.0,303.46
Accessories,Toys,367.63,8791818.0
Cameras,Sports & Outdoors,224.47,5350158000.0
Audio,Electronic,6736313.0,280.03
Clothing,Electronic,1347585.0,52.55
Kitchen,Sports & Outdoors,7315823000.0,7315143000.0
Puzzles,Home & Living,6208915.0,257.34
Phones,Fashion,3276000.0,3256000.0
Fitness,Sports & Outdoors,5776675.0,5736857.0
Fitness,Electronic,195.87,4660000.0
Blocks,Beauty Care,2989000.0,2940483.0
Laptops,Sports & Outdoors,3132367.0,128.98
Accessories,Home & Living,4764641.0,4711789.0
Team Sports,Toys,7882593000.0,7880000.0
Wearables,Electronic,1218480.0,1133986.0
Rc,Beauty Care,259.52,6174522.0
Furniture,Electronic,6232181.0,256.57
Cleaning,Beauty Care,298.95,7098532.0
Laptops,Home & Living,194.56,4650000.0
Audio,Toys,1750636.0,1654536.0
Team Sports,Fashion,159.53,3804993.0
Cameras,Fashion,4109039.0,4012000.0
Phones,Toys,1678491.0,1616515.0
Board Games,Fashion,2293312000.0,2225491.0
Haircare,Beauty Care,43.11,1001079.0
Cycling,Toys,3088027.0,3040694.0
Board Games,Home & Living,289.34,289.28
Rc,Home & Living,3401196.0,3399064.0
Haircare,Home & Living,393.81,9413720.0
Accessories,Sports & Outdoors,887197.0,821526.0
Shoes,Sports & Outdoors,289.13,6938779.0
Blocks,Electronic,5139983.0,211.19
Audio,Fashion,9334483.0,9281974.0
Rc,Toys,259000.0,176747000.0
Team Sports,Electronic,4262674000.0,4190179.0
Outdoor,Sports & Outdoors,5027002.0,4959242.0
Laptops,Toys,6291093.0,261.46
Clothing,Fashion,4708110.0,195.83
Decor,Home & Living,386.31,9242038000.0
Kitchen,Electronic,7086484.0,7033000.0
Skincare,Toys,8203708.0,8184124000.0
Team Sports,Electronic,1500256.0,58.67
Accessories,Beauty Care,45.3,1051884.0
Puzzles,Electronic,8207777.0,8192456.0
Rc,Sports & Outdoors,338.35,336.68
Team Sports,Home & Living,5332000.0,5261451.0
Accessories,Fashion,2815787000.0,114.92
Accessories,Beauty Care,1348491.0,1263748.0
Clothing,Beauty Care,9048000.0,375.7
Accessories,Home & Living,8821450.0,366.83
Phones,Electronic,1127516.0,1081712000.0
Blocks,Home & Living,8749362.0,8723903.0
Puzzles,Electronic,4099836.0,167.34
Audio,Electronic,16.09,304000.0
Phones,Electronic,9537337.0,9464177.0
Wearables,Beauty Care,5897118.0,5890320.0
Haircare,Electronic,8477019.0,8409205.0
Clothing,Sports & Outdoors,8843000.0,364.81
Laptops,Electronic,9992101.0,9896500.0
Haircare,Fashion,767799.0,28.79
Laptops,Electronic,1464915.0,1376358.0
Haircare,Toys,302.81,7170936000.0
Phones,Toys,9486655000.0,9476464.0
Phones,Home & Living,2421004.0,96.93
Decor,Home & Living,8893000.0,8866845000.0
Cycling,Sports & Outdoors,245.58,5871257.0
Laptops,Electronic,7413000.0,7402336000.0
Furniture,Electronic,4658000.0,4610290.0
Furniture,Fashion,5015222.0,4969000.0
Cycling,Toys,7797431000.0,324.39
Fitness,Toys,123.98,2969186.0
Decor,Toys,5864605.0,5818648.0
Cleaning,Sports & Outdoors,187.48,4429543000.0
Haircare,Home & Living,117000.0,105428.0
Furniture,Electronic,9060000.0,376.09
Cameras,Toys,8409000.0,8341274000.0
Clothing,Home & Living,172.52,4076350000.0
Cameras,Electronic,7909213.0,326.27
Blocks,Electronic,7185867.0,296.47
Shoes,Toys,9730401.0,9723385000.0
Cleaning,Electronic,3343768.0,3243966.0
Shoes,Toys,1216381000.0,1199383000.0
Audio,Fashion,9770992.0,403.09
Haircare,Home & Living,6660877.0,6589259000.0
Outdoor,Electronic,191.62,190.85
Haircare,Electronic,666416.0,634.46
Puzzles,Toys,9982000.0,413.71
Team Sports,Home & Living,6007658.0,5977115.0
Cameras,Electronic,156.51,3734324.0
Audio,Sports & Outdoors,5554748.0,5479666000.0
Audio,Home & Living,5291023.0,5221548.0
Cameras,Fashion,49.0,47.86
Cameras,Sports & Outdoors,400.69,397.64
Furniture,Beauty Care,2699415.0,112.05
Team Sports,Home & Living,5415545000.0,5353574.0
Makeup,Beauty Care,8848121.0,8821617.0
Wearables,Electronic,9354063.0,9300498.0
Rc,Electronic,9697914.0,9694000.0
Laptops,Electronic,4776102.0,4718820.0
Audio,Sports & Outdoors,346.4,344.88
Phones,Home & Living,1000000.0,967464.0
Kitchen,Beauty Care,3102103000.0,3024082.0
Laptops,Home & Living,9527272.0,395.04
Puzzles,Sports & Outdoors,7117005000.0,293.42
Skincare,Electronic,152.4,3578921.0
Fitness,Toys,245671.0,6.88
Phones,Fashion,6761411000.0,6695000.0
Puzzles,Electronic,202.1,4787923000.0
Phones,Sports & Outdoors,7315567000.0,304.48
Wearables,Sports & Outdoors,1171502000.0,1079582.0
Rc,Beauty Care,51.56,1162517000.0
Audio,Toys,4980048000.0,207.45
Phones,Electronic,2945968.0,121.34
Rc,Sports & Outdoors,6885405.0,6800000.0
Shoes,Electronic,6164438.0,255.37
Kitchen,Electronic,65.16,64.67
Clothing,Fashion,4913692000.0,4831040.0
Board Games,Electronic,9328442000.0,9237000.0
Wearables,Home & Living,8738004.0,8661745.0
Cameras,Beauty Care,598323.0,597367.0
Furniture,Home & Living,303.61,7239804.0
Furniture,Beauty Care,7616141000.0,313.36
Board Games,Fashion,22.29,19.25
Phones,Home & Living,3358250.0,137.26
Board Games,Sports & Outdoors,4613000.0,4607354.0
Shoes,Beauty Care,2437351000.0,2402071.0
Fitness,Electronic,83.55,1909788.0
Audio,Home & Living,181.89,4340740.0
Laptops,Beauty Care,147.23,3508799.0
Makeup,Fashion,90.39,2116000.0
Wearables,Home & Living,9772492000.0,9675394.0
Fitness,Electronic,855793000.0,837323000.0
Blocks,Sports & Outdoors,367.84,366.94
Team Sports,Sports & Outdoors,74329.0,1000.0
Cycling,Home & Living,191.96,4512281000.0
Clothing,Fashion,5504131.0,225.33
Laptops,Fashion,128.36,3007414.0
Phones,Electronic,8628591.0,8619000.0
Cycling,Home & Living,9292930000.0,9239308000.0
Cameras,Toys,162.88,159.22
Team Sports,Beauty Care,308.94,7361088000.0
Laptops,Home & Living,2682912000.0,109.28
Laptops,Home & Living,2405000.0,2380233000.0
Decor,Toys,8136321000.0,8120599.0
Laptops,Electronic,205.71,201.64
Audio,Beauty Care,285.48,6770657000.0
Outdoor,Electronic,7996404000.0,329.7
Haircare,Sports & Outdoors,6804258.0,6790385.0
Accessories,Fashion,5643571.0,5565585.0
Kitchen,Electronic,9621000.0,396.96
Phones,Home & Living,133.29,129.56
Clothing,Beauty Care,270.31,6395797000.0
Phones,Beauty Care,9338000.0,9299644.0
Furniture,Home & Living,9407612000.0,9328824.0
Cycling,Electronic,3251278000.0,134.03
Outdoor,Sports & Outdoors,291.12,6935574.0
Audio,Sports & Outdoors,8933151.0,370.03
Furniture,Beauty Care,341.76,8148839.0
Furniture,Beauty Care,8852616000.0,367.91
Haircare,Home & Living,322.02,7655736.0
Board Games,Electronic,8666750.0,8590000.0
Accessories,Home & Living,6576779.0,6563333000.0
Audio,Home & Living,310.63,309.45
Makeup,Home & Living,56.75,55.89
Blocks,Home & Living,4993000.0,4977552.0
Audio,Beauty Care,9385496.0,9362545.0
Blocks,Electronic,1842789.0,1822186.0
Decor,Electronic,4196136.0,4116796.0
Skincare,Fashion,6622000.0,6535635.0
Cameras,Electronic,3423958.0,142.18
Furniture,Fashion,302.79,7247676000.0
Wearables,Electronic,4643000.0,4626000.0
Wearables,Electronic,337.82,8100430.0
Puzzles,Home & Living,6975732.0,287.65
Team Sports,Sports & Outdoors,4936137.0,4864784.0
Cameras,Electronic,6468176.0,267.05
Shoes,Electronic,5388871000.0,5317112.0
Laptops,Fashion,148000.0,4.96
Kitchen,Electronic,225.42,5384599.0
Laptops,Beauty Care,1800920000.0,1792000.0
Rc,Toys,9113000.0,9053052000.0
Phones,Sports & Outdoors,7794777.0,7737532.0
Clothing,Home & Living,206.84,4948000.0
Puzzles,Home & Living,1689982000.0,67.19
Furniture,Home & Living,313.15,313.0
Blocks,Beauty Care,258.1,255.29
Kitchen,Electronic,120765.0,56.65
Audio,Beauty Care,389.06,389.03
Decor,Electronic,222054.0,162212.0
Rc,Electronic,9355929.0,388.12
Puzzles,Beauty Care,2020788.0,1987109.0
Audio,Electronic,300.62,299.26
Rc,Sports & Outdoors,1897976000.0,75.14
Accessories,Fashion,103866.0,101.47
Laptops,Home & Living,3185126.0,3086066.0
Skincare,Sports & Outdoors,257.63,254.0
Clothing,Beauty Care,361.58,8620024.0
Cycling,Toys,180.09,4268000.0
Shoes,Beauty Care,9347036000.0,387.7
Phones,Fashion,9.18,8.99
Decor,Fashion,1856013.0,1829130000.0
Cycling,Fashion,1615410.0,1605268.0
Accessories,Electronic,2088297000.0,2018869.0
Cleaning,Beauty Care,263.34,6248817000.0
Cameras,Toys,1896000.0,1882267000.0
Kitchen,Fashion,43.66,41.26
Phones,Electronic,169.84,168.56
Kitchen,Home & Living,5891999.0,244.71
Cleaning,Toys,301.14,299.98
Puzzles,Toys,6522000.0,6444000.0
Cameras,Fashion,5436401.0,5409000.0
Laptops,Electronic,1992606.0,1924000.0
Haircare,Beauty Care,6470500.0,6373421000.0
Wearables,Electronic,139.22,135.96
Clothing,Sports & Outdoors,4422000.0,184.15
Cameras,Electronic,266.56,262.82
Audio,Toys,781557.0,30.26
Puzzles,Electronic,3499030.0,3415214.0
Skincare,Toys,5188000.0,5114833000.0
Wearables,Beauty Care,44.05,1010947.0
Board Games,Home & Living,2568169.0,105.25
Haircare,Electronic,1928403.0,1875742000.0
Furniture,Sports & Outdoors,150.18,3537112000.0
Laptops,Home & Living,149.74,3545000.0
Skincare,Fashion,7444929000.0,7376284.0
Wearables,Fashion,60.54,1434392.0
Phones,Electronic,361.69,8590864.0
Shoes,Fashion,317.42,7522000.0
Clothing,Fashion,2420699.0,2414938.0
Makeup,Electronic,838000.0,743625.0
Outdoor,Electronic,1687654.0,1623583000.0
Shoes,Electronic,3566628.0,3490411.0
Makeup,Beauty Care,247435000.0,165000.0
Blocks,Home & Living,1704000.0,1627583.0
Board Games,Sports & Outdoors,396.81,9437862.0
Phones,Home & Living,7965998.0,7941000.0
Blocks,Home & Living,1883019.0,1840379000.0
Cleaning,Home & Living,5762527000.0,237.96
Fitness,Fashion,4122000.0,4109514000.0
Fitness,Fashion,84387.0,0.64
Wearables,Electronic,3019977.0,2943150000.0
Cycling,Sports & Outdoors,6056000.0,249.08
Skincare,Fashion,3183241.0,3145007.0
Blocks,Fashion,6190277.0,6184000.0
Phones,Home & Living,7958739.0,7918636.0
Makeup,Beauty Care,164.06,3934206.0
Phones,Electronic,7479777.0,7476000.0
Laptops,Fashion,78.1,1789962.0
Clothing,Electronic,72.93,70.98
Wearables,Fashion,139.79,3306322.0
Phones,Beauty Care,8264000.0,8172710000.0
Furniture,Home & Living,195.53,193.79
Shoes,Electronic,7192380.0,7128349.0
Cleaning,Fashion,41.37,981542.0
Kitchen,Home & Living,6608978.0,272.39
Team Sports,Electronic,8348792.0,8322394.0
Decor,Home & Living,268.13,6347508.0
Wearables,Fashion,1685000.0,1638587000.0
Clothing,Electronic,801000.0,29.57
Phones,Fashion,5555231000.0,5456000.0
Phones,Fashion,174.2,4102795.0
Rc,Electronic,6281673.0,6250725000.0
Cameras,Beauty Care,347.51,347.15
Kitchen,Electronic,8678927.0,8637953.0
Furniture,Electronic,181.01,4283714000.0
Clothing,Beauty Care,9751602000.0,406.05
Blocks,Sports & Outdoors,929883000.0,843105000.0
Accessories,Sports & Outdoors,3579305.0,147.94
Cameras,Fashion,5551213000.0,228.75
Skincare,Toys,6984000.0,6901019.0
Team Sports,Electronic,250.17,6003531.0
Phones,Fashion,2592035.0,2575272.0
Makeup,Fashion,9620220000.0,9575866.0
Fitness,Electronic,3806424.0,3776914.0
Board Games,Beauty Care,234.26,5528000.0
Skincare,Electronic,79.42,1862147000.0
Decor,Toys,255.41,252.0
Outdoor,Toys,4779400.0,199.07
Furniture,Fashion,384.43,9216000.0
Kitchen,Fashion,5267262.0,219.13
Puzzles,Fashion,709545.0,697167.0
Accessories,Electronic,334.95,8021525.0
Cameras,Beauty Care,5494959000.0,228.61
Haircare,Fashion,19.44,378313.0
Clothing,Toys,5584432.0,231.97
Furniture,Fashion,3803776.0,3789000.0
Furniture,Fashion,4371050.0,4369946.0
Phones,Fashion,6835683.0,283.89
Board Games,Sports & Outdoors,3295105.0,3284282.0
Blocks,Sports & Outdoors,36.5,35.79
Cameras,Electronic,6982017000.0,6883562.0
Audio,Toys,7387079.0,7330906.0
Cycling,Fashion,6307270000.0,6233227.0
Furniture,Sports & Outdoors,5458000.0,225.4
Team Sports,Electronic,4562476.0,187.24
Wearables,Sports & Outdoors,7164473.0,7098762.0
Laptops,Electronic,134.14,3136377000.0
Audio,Sports & Outdoors,315.51,7549501000.0
Haircare,Home & Living,4460000.0,4420275.0
Rc,Fashion,766969.0,688027000.0
Rc,Electronic,4842861.0,4788214000.0
Laptops,Home & Living,1424102000.0,1357736000.0
Cycling,Electronic,4388835000.0,4345826.0
Wearables,Electronic,9324821.0,9264016.0
Cleaning,Sports & Outdoors,187.81,4447000.0
Team Sports,Sports & Outdoors,3343670000.0,137.11
Rc,Fashion,7232000.0,300.82
Cameras,Electronic,8113830.0,8027964000.0
Wearables,Toys,25.81,530176.0
Laptops,Electronic,413.96,9893573000.0
Cameras,Electronic,4275325.0,4193749000.0
Makeup,Toys,114.39,110.81
Phones,Sports & Outdoors,7093329000.0,291.73
Rc,Toys,3626712.0,148.55
Wearables,Sports & Outdoors,7883462.0,7848136000.0
Shoes,Toys,2785408.0,2697334.0
Decor,Beauty Care,1023060.0,964665000.0
Puzzles,Beauty Care,8006321.0,7959412.0
Clothing,Fashion,8476148.0,8379696.0
Phones,Sports & Outdoors,4844237.0,4802000.0
Haircare,Toys,3198000.0,130.5
Phones,Home & Living,7557680.0,7496000.0
Accessories,Electronic,8245453000.0,8208225000.0
Accessories,Home & Living,704408.0,686471.0
Board Games,Electronic,4130167.0,4055106.0
Shoes,Sports & Outdoors,5148817.0,5085462.0
Audio,Home & Living,1438192.0,1427000.0
Phones,Home & Living,216.1,5110000.0
Accessories,Electronic,80.92,1902000.0
Fitness,Fashion,4458338.0,4452024.0
Fitness,Home & Living,141.96,139.51
Cameras,Electronic,124.1,120.14
Decor,Electronic,8613839000.0,8580994.0
Cycling,Electronic,7538000.0,7486352.0
Outdoor,Electronic,92.96,2173483.0
Accessories,Home & Living,37.85,33.72
Cycling,Beauty Care,3436800000.0,139.56
Puzzles,Sports & Outdoors,8282203.0,8225826.0
Clothing,Electronic,196.82,4705000.0
Laptops,Home & Living,31.08,30.83
Cleaning,Electronic,284.55,6791000.0
Laptops,Home & Living,396.59,9495046000.0
Decor,Beauty Care,5952994000.0,244.12
Fitness,Sports & Outdoors,1295809.0,1235307000.0
Outdoor,Electronic,2872204.0,118.62
Cameras,Electronic,7548000.0,7497057.0
Furniture,Beauty Care,0.87,1000.0
Board Games,Sports & Outdoors,171.84,4064000.0
Makeup,Home & Living,120.68,2816176.0
Puzzles,Toys,379.2,9025722.0
Outdoor,Fashion,395.37,393.34
Wearables,Electronic,274.74,271.82
Wearables,Sports & Outdoors,9443814.0,9350000.0
Phones,Beauty Care,5402000.0,223.65
Kitchen,Fashion,272.16,272.07
Phones,Fashion,8871050000.0,367.81
Audio,Fashion,2943076000.0,2887095.0
Puzzles,Sports & Outdoors,2926994.0,2875963000.0
Laptops,Sports & Outdoors,1502791.0,1479333.0
Audio,Electronic,6074672000.0,6026000.0
Phones,Beauty Care,6193461000.0,6166199.0
Laptops,Electronic,119000.0,4.54
Blocks,Electronic,208.26,4984000.0
Blocks,Toys,380.14,9031453.0
Skincare,Beauty Care,2180000.0,90.38
Cameras,Electronic,3186831.0,131.62
Audio,Toys,334.43,332.71
Makeup,Electronic,2749521.0,2662441000.0
Outdoor,Electronic,164.73,3898438000.0
Puzzles,Electronic,8924329.0,8873567.0
Phones,Electronic,9958261.0,413.07
Clothing,Toys,3611523.0,149.23
Wearables,Beauty Care,3839667.0,3816911.0
Fitness,Home & Living,9964646.0,9941000.0
Haircare,Home & Living,151.66,3540840000.0
Clothing,Sports & Outdoors,1047416000.0,43.27
Haircare,Electronic,304.56,7259000.0
Shoes,Electronic,1892679.0,1820201.0
Audio,Fashion,231.11,5511473.0
Cleaning,Electronic,78.04,75.88
Laptops,Fashion,262.36,262.14
Laptops,Home & Living,6870694.0,6870042.0
Blocks,Electronic,6597000.0,273.42
Team Sports,Beauty Care,4156000.0,4062758.0
Fitness,Toys,210.02,4989568.0
Board Games,Beauty Care,7440000.0,7416593000.0
Haircare,Sports & Outdoors,219.93,5232538.0
Phones,Toys,2491000.0,2440843.0
Phones,Home & Living,369784.0,13.11
Accessories,Sports & Outdoors,9584993.0,9543887.0
Puzzles,Toys,4240235.0,4203000.0
Laptops,Electronic,3390072.0,140.86
Clothing,Home & Living,333.8,7958905000.0
Team Sports,Sports & Outdoors,124.4,123.91
Cycling,Home & Living,315.39,313.82
Blocks,Toys,6338000.0,6249864.0
Clothing,Electronic,3939435.0,3898604.0
Haircare,Home & Living,3799000.0,3743000.0
Laptops,Beauty Care,3542757.0,3460000.0
Decor,Home & Living,414.55,9850746000.0
Furniture,Home & Living,3053437.0,124.58
Phones,Electronic,3883148.0,160.91
Skincare,Fashion,31010.0,1000.0
Team Sports,Sports & Outdoors,5129739.0,5123190.0
Rc,Beauty Care,5546675000.0,5511881.0
Haircare,Home & Living,6979173.0,6931000.0
Outdoor,Electronic,10.69,8.45
Clothing,Home & Living,258.27,254.78
Board Games,Fashion,4185689.0,4103572.0
Skincare,Toys,130.53,3102158000.0
Phones,Electronic,1074522000.0,43.95
Cameras,Beauty Care,1626193000.0,1571671.0
Skincare,Home & Living,8381601000.0,8361184.0
Phones,Toys,1301745.0,1280723.0
Blocks,Fashion,6490495.0,269.97
Phones,Beauty Care,5316929000.0,5257997000.0
Laptops,Electronic,5851000.0,5775969.0
Phones,Electronic,222057.0,177964.0
Board Games,Electronic,7741145.0,322.4
Accessories,Electronic,5980077.0,5942545.0
Decor,Toys,3653502.0,3592285000.0
Blocks,Fashion,203.7,200.6
Audio,Sports & Outdoors,286.82,6809908.0
Makeup,Home & Living,388000.0,347000.0
Wearables,Beauty Care,194.19,4659432.0
Skincare,Toys,221.5,5233217000.0
Cameras,Sports & Outdoors,282.11,6686915.0
Rc,Electronic,3902384.0,3860000.0
Accessories,Fashion,4364819.0,4344058.0
Phones,Electronic,398.69,9544802.0
Rc,Beauty Care,4210000.0,4134987.0
Blocks,Fashion,235.6,5558000.0
Cleaning,Fashion,59.64,1344000.0
Haircare,Beauty Care,223.06,219.46
Rc,Beauty Care,1709499.0,1680562.0
Cleaning,Beauty Care,4102000.0,167.73
Audio,Beauty Care,8357000.0,8268780000.0
Furniture,Beauty Care,943000.0,910708000.0
Kitchen,Beauty Care,286.44,282.47
Accessories,Electronic,4858847000.0,4845730.0
Furniture,Toys,2047880.0,82.63
Clothing,Sports & Outdoors,3392325.0,3341009.0
Phones,Electronic,7578000.0,7479000.0
Board Games,Electronic,329.36,7808541000.0
Laptops,Beauty Care,1763175.0,69.59
Kitchen,Fashion,3622197.0,149.56
Laptops,Beauty Care,1697595000.0,70.56
Accessories,Electronic,298.31,7100034.0
Furniture,Sports & Outdoors,5935390.0,5882615000.0
Makeup,Electronic,387.48,9222895.0
Phones,Beauty Care,6805434000.0,6718000.0
Laptops,Home & Living,1653252000.0,65.88
Phones,Electronic,2269000.0,2268094.0
Furniture,Toys,384000.0,309000.0
Kitchen,Electronic,526624000.0,491512.0
Outdoor,Electronic,264.62,6314000.0
Skincare,Sports & Outdoors,7790409.0,322.39
Furniture,Toys,42.74,947548.0
Rc,Electronic,8930689.0,368.85
Furniture,Sports & Outdoors,9519000.0,9448000.0
Board Games,Home & Living,8706217000.0,8700063.0
Puzzles,Fashion,6338062000.0,6264776.0
Wearables,Electronic,7733473000.0,322.19
Kitchen,Beauty Care,134.21,3141432.0
Phones,Electronic,3298164.0,135.41
Makeup,Home & Living,9928648.0,9836934.0
Team Sports,Home & Living,167.43,4008965.0
Furniture,Home & Living,9370909.0,9298878.0
Rc,Home & Living,5401000.0,5376939.0
Furniture,Sports & Outdoors,6140398.0,252.98
Wearables,Beauty Care,2466683.0,2453000.0
Wearables,Home & Living,297.52,7123792.0
Haircare,Fashion,4365580.0,178.92
Cameras,Sports & Outdoors,255.42,6122520000.0
Puzzles,Beauty Care,9677534.0,400.62
Cycling,Toys,183.75,181.47
Furniture,Home & Living,141.58,3386000.0
Wearables,Toys,4233957000.0,4167923.0
Audio,Toys,754380.0,745848.0
Laptops,Toys,271.2,6470567.0
Laptops,Home & Living,7118932.0,7066814000.0
Furniture,Beauty Care,8551489.0,8481065.0
Outdoor,Fashion,6375139.0,6278000.0
Rc,Home & Living,6351352000.0,6323000.0
Blocks,Electronic,8774000.0,8750432000.0
Outdoor,Toys,701592000.0,622292000.0
Furniture,Fashion,3726958.0,3643773.0
Blocks,Sports & Outdoors,4477388.0,4450000.0
Rc,Home & Living,1253000.0,1165000.0
Phones,Beauty Care,9691188000.0,9658829.0
Board Games,Home & Living,4597398.0,188.93
Wearables,Beauty Care,3061325.0,3006497.0
Cameras,Fashion,277.03,274.7
Kitchen,Beauty Care,1438525.0,1434000.0
Furniture,Toys,5401034000.0,5307209000.0
Team Sports,Toys,1731053.0,1678091.0
Laptops,Sports & Outdoors,1122155.0,1088739.0
Team Sports,Electronic,8429730.0,8356730.0
Audio,Toys,3579521.0,3483000.0
Board Games,Beauty Care,333.82,8002370000.0
Laptops,Home & Living,7383818.0,306.67
Team Sports,Electronic,8461407000.0,349.73
Audio,Beauty Care,8223105.0,8181357000.0
Skincare,Electronic,3658000.0,151.63
Clothing,Electronic,126681.0,79.27
Fitness,Electronic,7367000.0,7300659000.0
Audio,Toys,9965157.0,412.44
Rc,Beauty Care,4799691.0,4770000.0
Cameras,Toys,2092729.0,2078000.0
Puzzles,Sports & Outdoors,214.57,5064000.0
Skincare,Electronic,3086467.0,3045705.0
Cameras,Electronic,5622639000.0,5591369.0
Fitness,Home & Living,1130412000.0,1096000.0
Cleaning,Electronic,281.73,6759000.0
Audio,Home & Living,101.83,99.44
Board Games,Sports & Outdoors,3088150.0,3064232000.0
Furniture,Beauty Care,407.83,9772865000.0
Cycling,Electronic,9028095.0,372.29
Clothing,Sports & Outdoors,343.69,8150418000.0
Shoes,Toys,134.68,3190490000.0
Kitchen,Sports & Outdoors,93831000.0,81000.0
Decor,Home & Living,773950.0,753416.0
Skincare,Toys,2396217.0,2386798.0
Laptops,Electronic,6964000.0,6876369.0
Phones,Home & Living,8357236.0,8339546.0
Wearables,Toys,119.74,2816960.0
Clothing,Home & Living,25.93,22.08
Team Sports,Home & Living,9819935.0,405.45
Decor,Electronic,407.14,9759315.0
Audio,Electronic,6021291.0,6014754.0
Skincare,Home & Living,659995.0,644251.0
Decor,Fashion,7804000.0,7796454.0
Accessories,Toys,4611866.0,4583000.0
Team Sports,Beauty Care,6226659.0,257.55
Shoes,Toys,290.28,6869946000.0
Wearables,Sports & Outdoors,3633762.0,148.62
Wearables,Toys,6585276000.0,6546422000.0
Cleaning,Electronic,3804965.0,3794043000.0
Laptops,Sports & Outdoors,251.11,5964351.0
Audio,Toys,9410955000.0,9394027000.0
Shoes,Electronic,6253255.0,6199570.0
Furniture,Home & Living,309.7,7370052.0
Phones,Beauty Care,9738039000.0,9684571.0
Clothing,Fashion,72.87,1683718000.0
Cameras,Sports & Outdoors,5791177.0,239.43
Outdoor,Electronic,473633000.0,379242.0
Team Sports,Home & Living,207.18,4966734000.0
Audio,Sports & Outdoors,2677000.0,2669973.0
Board Games,Home & Living,1635000.0,1543000.0
Fitness,Electronic,1210705.0,1155703.0
Puzzles,Electronic,6511497000.0,6477012000.0
Team Sports,Beauty Care,8342936000.0,8296920000.0
Skincare,Toys,7920000.0,7877000.0
Skincare,Home & Living,5524053.0,5460916000.0
Board Games,Home & Living,91.39,90.89
Audio,Beauty Care,1043605.0,955000.0
Puzzles,Toys,4181195000.0,4089404.0
Wearables,Beauty Care,398.26,9466105000.0
Cameras,Fashion,2164913.0,2119465000.0
Audio,Beauty Care,287.41,6834773000.0
Fitness,Home & Living,8676000.0,8631430.0
Haircare,Toys,7711250.0,7624490.0
Furniture,Home & Living,134.93,130.95
Cleaning,Sports & Outdoors,321.7,7692189000.0
Audio,Sports & Outdoors,75.69,72.12
Rc,Beauty Care,7639626.0,7584952.0
Audio,Fashion,2749045.0,2725275.0
Cameras,Home & Living,204.28,201.47
Kitchen,Electronic,158.19,3776370000.0
Rc,Home & Living,8372498.0,8310632000.0
Cameras,Fashion,9551590.0,396.35
Cameras,Home & Living,1930376.0,1872608000.0
Cameras,Home & Living,2486768.0,2406000.0
Outdoor,Beauty Care,6899921.0,286.57
Wearables,Fashion,5043000.0,4975695.0
Haircare,Home & Living,8.55,107081.0
Cameras,Electronic,8907288.0,368.57
Cameras,Home & Living,3415000.0,139.5
Furniture,Toys,1433989.0,1367000.0
Audio,Beauty Care,8139842.0,336.13
Wearables,Home & Living,1341777.0,1318271.0
Decor,Toys,3465269000.0,3424406.0
Skincare,Home & Living,5600609000.0,5506540000.0
Audio,Home & Living,923107000.0,35.84
Audio,Electronic,4044636.0,167.42
Puzzles,Home & Living,6554840.0,6493212.0
Board Games,Sports & Outdoors,3476000.0,3396227000.0
Board Games,Sports & Outdoors,396.27,9432000.0
Clothing,Home & Living,6952550.0,286.87
Skincare,Fashion,38603.0,31000.0
Laptops,Home & Living,4530798000.0,4469982.0
Wearables,Toys,5595216000.0,5552495000.0
Board Games,Sports & Outdoors,9454495.0,9357778.0
Cameras,Beauty Care,1383000.0,1339997.0
Puzzles,Toys,3098118.0,3062503.0
Shoes,Electronic,4816963.0,199.36
Cleaning,Sports & Outdoors,5031944.0,207.16
Phones,Electronic,352.64,8444000.0
Puzzles,Electronic,386.38,9208540.0
Skincare,Toys,3308373.0,3299000.0
Cycling,Home & Living,104.0,101.12
Shoes,Sports & Outdoors,1162000.0,1133083.0
Cameras,Electronic,68.84,64.72
Wearables,Sports & Outdoors,4002156000.0,165.47
Cameras,Sports & Outdoors,4209403.0,4130384000.0
Wearables,Electronic,9063386000.0,9039940.0
Cameras,Fashion,343.03,340.39
Skincare,Electronic,2588609.0,103.91
Puzzles,Electronic,3555729.0,3535416.0
Makeup,Sports & Outdoors,337850.0,327035.0
Makeup,Electronic,3099418000.0,127.8
Wearables,Electronic,8945219.0,8869246.0
Furniture,Beauty Care,3230805.0,3181869000.0
Phones,Beauty Care,261.04,6186151000.0
Phones,Home & Living,5722627000.0,5721000.0
Clothing,Fashion,6901000.0,283.95
Shoes,Fashion,7148104.0,297.53
Decor,Electronic,6203000.0,6138000.0
Blocks,Sports & Outdoors,4741000.0,4713652.0
Puzzles,Fashion,2024582.0,1930969.0
Furniture,Beauty Care,1377177.0,1282793000.0
Shoes,Home & Living,3802001.0,156.84
Wearables,Beauty Care,8637181.0,8608000.0
Rc,Fashion,9938122.0,413.7
Skincare,Sports & Outdoors,882563.0,805000.0
Furniture,Electronic,3994323.0,3908000.0
Cleaning,Beauty Care,695000.0,638381.0
Kitchen,Fashion,2629643.0,2581000.0
Furniture,Electronic,7504237000.0,7458845.0
Audio,Beauty Care,9620587.0,9533327000.0
Wearables,Home & Living,173.03,4108392000.0
Laptops,Electronic,330.24,7859780.0
Cameras,Fashion,6612894.0,273.34
Haircare,Toys,9870000.0,9823000.0
Wearables,Toys,285.65,282.71
Shoes,Home & Living,3521841.0,144.18
Laptops,Beauty Care,1227487.0,1179624.0
Rc,Fashion,1235079000.0,1154204.0
Wearables,Toys,5449790.0,225.03
Haircare,Home & Living,366.6,363.76
Kitchen,Electronic,1556744.0,61.38
Outdoor,Electronic,181.58,4291718.0
Furniture,Beauty Care,6952945.0,286.79
Makeup,Toys,203.07,4838096.0
Puzzles,Fashion,8969781.0,8951347000.0
Team Sports,Fashion,262.23,6259815000.0
Phones,Sports & Outdoors,327.26,7804783.0
Shoes,Toys,7523000.0,311.77
Phones,Electronic,9919086000.0,410.11
Furniture,Beauty Care,478684.0,19.78
Board Games,Home & Living,6598252000.0,272.39
Wearables,Fashion,9544022000.0,9472882.0
Skincare,Beauty Care,5617137000.0,230.78
Skincare,Fashion,332.8,331.17
Blocks,Home & Living,1559000.0,1555321.0
Blocks,Beauty Care,3722927.0,3630000.0
Wearables,Fashion,471487.0,377021.0
Furniture,Home & Living,244.0,243.18
Cycling,Electronic,7025489.0,7007642.0
Cleaning,Home & Living,7148712.0,7077065.0
Cameras,Fashion,7112482.0,7069000.0
Shoes,Beauty Care,23.45,22.44
Team Sports,Electronic,7086055.0,7057910000.0
Clothing,Beauty Care,8091533.0,8010921.0
Decor,Fashion,5359249.0,221.2
Cycling,Home & Living,8895078.0,8836540.0
Furniture,Toys,559315.0,524996.0
Phones,Fashion,105.44,2465294000.0
Board Games,Electronic,238.6,235.49
Puzzles,Beauty Care,9465498.0,9397038.0
Fitness,Electronic,2301449.0,2267659.0
Furniture,Home & Living,9787113.0,407.4
Cycling,Home & Living,55.86,1266371000.0
Kitchen,Toys,936118000.0,857854.0
Board Games,Fashion,1220748.0,1140000.0
Accessories,Home & Living,3358674.0,136.44
Audio,Home & Living,2880000.0,2803000.0
Makeup,Electronic,6207952.0,6118000.0
Laptops,Electronic,140.05,3312000.0
Rc,Electronic,3672164.0,3648596.0
Puzzles,Home & Living,5859727000.0,5792000.0
Decor,Sports & Outdoors,353.32,352.95
Puzzles,Electronic,3566466000.0,3555250.0
Audio,Sports & Outdoors,5267646.0,5264432.0
Skincare,Beauty Care,2909037.0,117.9
Blocks,Electronic,67.53,1535995.0
Board Games,Fashion,5148836.0,5119598.0
Cameras,Toys,2111624.0,2044262.0
Cleaning,Electronic,372.81,371.58
Blocks,Electronic,488142.0,16.26
Wearables,Fashion,8482000.0,8462815000.0
Audio,Home & Living,149.06,147.41
Fitness,Electronic,255.03,6033474.0
Board Games,Fashion,3403051.0,3306634.0
Cameras,Electronic,7021425.0,6963946000.0
Cameras,Home & Living,6426000.0,6368279.0
Phones,Fashion,940925000.0,879395000.0
Wearables,Beauty Care,547864.0,467.59
Laptops,Toys,108.37,2532000.0
Kitchen,Electronic,9525823.0,9490012.0
Cameras,Sports & Outdoors,5775857.0,5699478.0
Cleaning,Sports & Outdoors,3618621.0,3519535.0
Furniture,Sports & Outdoors,294.1,6963435.0
Cleaning,Fashion,6339555000.0,6310000.0
Kitchen,Home & Living,364.8,8724939.0
Skincare,Sports & Outdoors,5657995.0,5569194.0
Cameras,Home & Living,192202.0,101439.0
Cameras,Fashion,5793389.0,237.47
Cleaning,Fashion,332.94,7951000.0
Clothing,Electronic,8312000.0,8260484.0
Puzzles,Beauty Care,91.42,87.92
Haircare,Beauty Care,7864148000.0,7781064000.0
Wearables,Fashion,2914000.0,2904380.0
Laptops,Toys,4148448000.0,4050548.0
Skincare,Fashion,4233104.0,4147000.0
Phones,Fashion,397.75,9504245.0
Audio,Beauty Care,1097719.0,42.2
Shoes,Electronic,144.78,3460578.0
Board Games,Home & Living,13.87,316389.0
Shoes,Beauty Care,5046800.0,4990000.0
Clothing,Sports & Outdoors,7011660000.0,288.1
Wearables,Fashion,7022495.0,290.57
Haircare,Electronic,4930000.0,4904296.0
Laptops,Beauty Care,9800712000.0,9735666.0
Cycling,Electronic,8715382000.0,8671755.0
Phones,Home & Living,108571.0,0.91
Audio,Sports & Outdoors,17.49,374507.0
Clothing,Beauty Care,1259381000.0,51.19
Cameras,Beauty Care,329.91,7827610.0
Shoes,Toys,1569104.0,1493906.0
Puzzles,Sports & Outdoors,1669098.0,1649031000.0
Fitness,Sports & Outdoors,9683305.0,9594044.0
Blocks,Sports & Outdoors,6036205.0,6001015.0
Audio,Sports & Outdoors,9818715000.0,406.6
Shoes,Home & Living,8576921.0,8532824.0
Audio,Sports & Outdoors,5480600.0,226.19
Cleaning,Home & Living,4210531000.0,4129425.0
Rc,Home & Living,2448382.0,98.14
Cycling,Fashion,408.95,9807641.0
Laptops,Toys,8154278.0,8099485000.0
Laptops,Fashion,1157283.0,1111318.0
Cycling,Beauty Care,632000.0,604.59
Cameras,Sports & Outdoors,8323421.0,8297354.0
Accessories,Electronic,155.98,3659000.0
Fitness,Toys,6599819.0,274.47
Furniture,Home & Living,6238000.0,257.16
Haircare,Sports & Outdoors,310.72,7405393.0
Cleaning,Beauty Care,5261148.0,5259826.0
Laptops,Toys,277.81,6621236.0
Blocks,Home & Living,6446590.0,6412722.0
Shoes,Electronic,9711525.0,9699000.0
Skincare,Electronic,298.38,7135535.0
Decor,Electronic,6596355.0,6587701.0
Cleaning,Fashion,496443.0,406103.0
Cameras,Home & Living,9290000.0,9238208.0
Cameras,Electronic,2304304.0,93.87
Cycling,Sports & Outdoors,236.64,236.14
Makeup,Sports & Outdoors,4665297.0,192.85
Blocks,Sports & Outdoors,1414397.0,1354231.0
Laptops,Sports & Outdoors,7349586.0,7346460000.0
Rc,Beauty Care,7872016.0,7796306.0
Audio,Fashion,6687992.0,274.88
Cameras,Electronic,5259000.0,5170367000.0
Outdoor,Sports & Outdoors,1162000.0,1137700000.0
Furniture,Electronic,8639763.0,8607791000.0
Phones,Fashion,4730740.0,196.69
Wearables,Fashion,9287531.0,386.29
Laptops,Sports & Outdoors,334.94,7993000.0
Board Games,Beauty Care,5923720.0,5847000.0
Wearables,Fashion,79.08,1818506.0
Decor,Fashion,4711171.0,195.01
Clothing,Beauty Care,6990296000.0,289.62
Laptops,Fashion,6218000.0,6152000.0
Audio,Beauty Care,1262000.0,1242000.0
Phones,Home & Living,2060000.0,2013201.0
Wearables,Home & Living,8748509.0,363.38
Skincare,Home & Living,75.97,1809120.0
Accessories,Fashion,9120350.0,376.78
Makeup,Electronic,935626.0,879478.0
Puzzles,Home & Living,637476000.0,613806.0
Laptops,Home & Living,8160406.0,8083123000.0
Blocks,Home & Living,5663000.0,235.51
Outdoor,Home & Living,161681.0,145208.0
Skincare,Sports & Outdoors,1969061000.0,80.4
Cameras,Electronic,6607360000.0,273.79
Haircare,Beauty Care,119.71,2816021.0
Kitchen,Beauty Care,256.7,6108000.0
Audio,Beauty Care,9906591.0,9889226.0
Laptops,Electronic,7897000.0,326.6
Phones,Beauty Care,413.24,9828000.0
Team Sports,Fashion,40.25,931788.0
Cameras,Beauty Care,205.9,203.72
Furniture,Beauty Care,9792986.0,9768680000.0
Skincare,Fashion,234.7,5575825.0
Outdoor,Sports & Outdoors,117283000.0,83000.0
Haircare,Fashion,1007289.0,975936000.0
Furniture,Electronic,90.24,88.16
Outdoor,Home & Living,327.83,325.12
Accessories,Beauty Care,225.58,5375541000.0
Decor,Home & Living,2640844.0,2619864.0
Shoes,Beauty Care,2653051000.0,2553544.0
Phones,Fashion,6632000.0,6622471000.0
Blocks,Sports & Outdoors,6110961.0,252.08
Wearables,Electronic,7386000.0,7378499.0
Clothing,Toys,8543000.0,8519593000.0
Team Sports,Beauty Care,1447351000.0,59.37
Phones,Toys,312.46,311.11
Blocks,Sports & Outdoors,1792411.0,1715722000.0
Skincare,Fashion,9234732.0,384.72
Shoes,Beauty Care,944522000.0,906000.0
Furniture,Beauty Care,4337837000.0,4273000.0
Laptops,Sports & Outdoors,2159263.0,2085000.0
Audio,Fashion,6644650000.0,274.55
Makeup,Electronic,8721797.0,8653000.0
Laptops,Electronic,6839699.0,6792018000.0
Board Games,Home & Living,8676468.0,8617708.0
Board Games,Fashion,233.86,5575706000.0
Board Games,Electronic,1104350.0,1013369.0
Fitness,Beauty Care,3240000.0,3222552.0
Cycling,Fashion,4593379.0,4538000.0
Blocks,Toys,144.32,3452556.0
Fitness,Electronic,4077693.0,167.45
Outdoor,Beauty Care,306.17,7286362000.0
Accessories,Electronic,5023673.0,4995294000.0
Board Games,Sports & Outdoors,6182840.0,254.86
Phones,Electronic,159.83,3787008.0
Cameras,Sports & Outdoors,7058487.0,7036456.0
Audio,Fashion,6747841.0,6711984.0
Audio,Sports & Outdoors,3077754.0,2997265.0
Team Sports,Fashion,6150587000.0,254.61
Cleaning,Beauty Care,9784715.0,405.59
Phones,Toys,7314692000.0,7250263.0
Cameras,Home & Living,682944.0,586321.0
Cleaning,Electronic,302.96,301.03
Puzzles,Toys,109.59,2538000.0
Laptops,Electronic,8763000.0,8685000.0
Cleaning,Home & Living,7521075.0,311.43
Laptops,Sports & Outdoors,5934394.0,5913221.0
Kitchen,Home & Living,1476314.0,1447000.0
Shoes,Home & Living,3155518000.0,3084000.0
Furniture,Electronic,7626732.0,7579298.0
Cleaning,Electronic,365.32,8696096000.0
Wearables,Fashion,9327656000.0,384.96
Wearables,Electronic,109460000.0,73765.0
Skincare,Toys,2187023.0,2161678.0
Furniture,Fashion,8326399000.0,346.7
Phones,Electronic,7033576.0,291.28
Haircare,Beauty Care,5159832.0,5061536.0
Puzzles,Fashion,2369214.0,2303043.0
Wearables,Beauty Care,2936000.0,119.17
Team Sports,Beauty Care,8393884.0,8375434.0
Accessories,Sports & Outdoors,6.55,79310000.0
Team Sports,Home & Living,284.98,282.94
Accessories,Beauty Care,5858480.0,5856000.0
Furniture,Beauty Care,3771000.0,155.98
Makeup,Beauty Care,861000.0,801178.0
Phones,Beauty Care,3543647.0,3517301000.0
Cycling,Beauty Care,104.22,2422000.0
Puzzles,Toys,2183657.0,2100816000.0
Board Games,Home & Living,2101000.0,2008000.0
Furniture,Electronic,45.41,997000.0
Furniture,Beauty Care,7651806.0,315.49
Blocks,Electronic,2756714.0,2670000.0
Furniture,Beauty Care,7363859.0,7328417.0
Cleaning,Sports & Outdoors,8439495.0,349.0
Clothing,Electronic,5289563000.0,219.57
Accessories,Fashion,2643000.0,2595000.0
Blocks,Home & Living,2878929000.0,118.66
Phones,Home & Living,9350133.0,388.92
Board Games,Home & Living,9779545.0,406.15
Audio,Electronic,97.34,2300191.0
Clothing,Fashion,78.59,1870810.0
Phones,Home & Living,2875091000.0,118.19
Cycling,Electronic,69.38,1639647.0
Skincare,Fashion,6076339000.0,6048775.0
Phones,Toys,147.47,3455027.0
Kitchen,Home & Living,6750000.0,278.31
Accessories,Home & Living,6544203.0,272.3
Haircare,Beauty Care,5410704.0,5394546.0
Furniture,Sports & Outdoors,6733000.0,6677526.0
Outdoor,Home & Living,7487403.0,7452893.0
Laptops,Home & Living,596000.0,582066.0
Haircare,Toys,7433163.0,7344063.0
Board Games,Electronic,8941017.0,8858294.0
Cleaning,Fashion,8627530.0,356.99
Shoes,Home & Living,9161993000.0,9103584.0
Board Games,Sports & Outdoors,8074567000.0,8059696.0
Outdoor,Sports & Outdoors,375.28,8936000.0
Cameras,Beauty Care,51.96,1148382.0
Outdoor,Sports & Outdoors,7769719.0,7699723.0
Team Sports,Beauty Care,3800255.0,3798803.0
Phones,Toys,91.21,90.21
Kitchen,Home & Living,3659530000.0,149.94
Shoes,Electronic,248.93,5967880000.0
Skincare,Electronic,3747600.0,154.67
Laptops,Toys,1283000.0,1260000.0
Decor,Home & Living,2580042.0,2545303.0
Cameras,Beauty Care,809000.0,779971.0
Fitness,Home & Living,6807000.0,6764670000.0
Clothing,Fashion,276.92,274.73
Skincare,Home & Living,6192665.0,6147795.0
Phones,Home & Living,6362000.0,6315834.0
Laptops,Electronic,120.23,118.0
Accessories,Toys,8134523.0,8067548.0
Cameras,Beauty Care,328.07,7858000.0
Audio,Beauty Care,400.7,9526000.0
Accessories,Sports & Outdoors,9005030.0,8974197.0
Wearables,Sports & Outdoors,228.22,226.15
Wearables,Fashion,4117258.0,4024568000.0
Cameras,Fashion,7849617.0,7766946.0
Rc,Fashion,219.41,5200072.0
Audio,Home & Living,255.79,6109000.0
Clothing,Sports & Outdoors,8096091000.0,8064267.0
Phones,Beauty Care,37.18,854000.0
Puzzles,Fashion,4991024.0,205.48
Cameras,Home & Living,5056012000.0,4980606.0
Decor,Sports & Outdoors,2536580000.0,104.42
Phones,Fashion,395.1,9443199.0
Decor,Electronic,309.5,7350078.0
Wearables,Home & Living,8128000.0,337.65
Kitchen,Beauty Care,336.57,8050443000.0
Furniture,Fashion,3178000.0,3113951.0
Board Games,Home & Living,311.87,7436000.0
Blocks,Fashion,6098000.0,250.96
Cameras,Toys,7915025.0,7882252.0
Wearables,Toys,4611672.0,4527000.0
Puzzles,Fashion,4024492.0,166.75
Skincare,Fashion,8178966.0,8097288.0
Rc,Fashion,3849159000.0,3827726.0
Rc,Beauty Care,6916422.0,6888902.0
Rc,Electronic,9409082000.0,9342581000.0
Phones,Home & Living,880167000.0,872987.0
Cycling,Electronic,1891575.0,1850081.0
Team Sports,Beauty Care,4490123.0,183.91
Clothing,Beauty Care,1012000.0,914403.0
Outdoor,Beauty Care,5746000.0,5719000.0
Accessories,Beauty Care,7151662.0,297.07
Cameras,Electronic,3.15,0.04
Phones,Beauty Care,528015.0,500000.0
Shoes,Fashion,5639035.0,5577939.0
Clothing,Beauty Care,5396000.0,224.27
Clothing,Beauty Care,296.57,7095305.0
Furniture,Beauty Care,309.77,7430676.0
Wearables,Sports & Outdoors,9526399.0,393.38
Puzzles,Home & Living,7279299.0,7199672.0
Cameras,Home & Living,5633325.0,5603013.0
Cameras,Beauty Care,2703846.0,2686726.0
Audio,Sports & Outdoors,6626251.0,6584000.0
Cameras,Beauty Care,47.86,1073000.0
Cleaning,Toys,6421000.0,266.15
Furniture,Fashion,6204027.0,6182952.0
Puzzles,Toys,7616035000.0,313.35
Rc,Electronic,252.7,5999777.0
Kitchen,Fashion,4170000.0,172.94
Audio,Toys,4408128.0,4352858.0
Fitness,Electronic,8641000.0,359.03
Phones,Fashion,123.18,2890995.0
Skincare,Home & Living,7094000.0,292.03
Team Sports,Toys,93.42,2157284.0
Haircare,Sports & Outdoors,349.12,8286542000.0
Board Games,Electronic,246.44,243.58
Phones,Home & Living,2806164.0,2798233.0
Fitness,Electronic,5474857000.0,5382000.0
Accessories,Fashion,1101023000.0,1004823.0
Rc,Sports & Outdoors,3177000.0,3161000.0
Laptops,Beauty Care,9071925.0,8988097.0
Cameras,Sports & Outdoors,216.69,213.0
Wearables,Beauty Care,3079235.0,2990000.0
Laptops,Home & Living,8249653000.0,8155677000.0
Decor,Fashion,3713525000.0,3614233000.0
Team Sports,Electronic,303.9,303.63
Puzzles,Sports & Outdoors,8826106.0,8735468.0
Wearables,Electronic,2704169.0,2679534000.0
Rc,Beauty Care,9701823.0,401.68
Phones,Beauty Care,147.83,3473599.0
Haircare,Home & Living,7397000.0,7325204.0
Kitchen,Toys,8979270.0,8942334.0
Accessories,Toys,5757430.0,5717859.0
Cameras,Electronic,316.4,7551000.0
Accessories,Toys,363.08,8628462.0
Makeup,Sports & Outdoors,6061413.0,6030150.0
Blocks,Electronic,353.05,349.21
Cycling,Home & Living,72.08,1678216.0
Audio,Electronic,1390515000.0,1372000.0
Haircare,Beauty Care,7562509.0,7523405.0
Blocks,Toys,1061200.0,1025460.0
Rc,Electronic,294.01,6982024.0
Wearables,Home & Living,386.49,9194825.0
Outdoor,Fashion,866440000.0,789.7
Clothing,Home & Living,9683460.0,400.26
Audio,Beauty Care,384595.0,300971.0
Audio,Sports & Outdoors,8002907.0,7978350.0
Puzzles,Beauty Care,213361.0,143253.0
Phones,Electronic,452417.0,369099000.0
Phones,Sports & Outdoors,9283000.0,9216000.0
Fitness,Sports & Outdoors,4477711.0,4473886.0
Wearables,Home & Living,3660919000.0,152.34
Furniture,Electronic,9632000.0,9575585.0
Puzzles,Beauty Care,5245844.0,5154744000.0
Phones,Beauty Care,208.51,207.76
Cameras,Electronic,4478934.0,182.76
Cycling,Electronic,9886660.0,9860000.0
Laptops,Home & Living,4513415.0,186.57
Kitchen,Toys,3126683.0,3052474000.0
Cameras,Beauty Care,5423166.0,5418303.0
Shoes,Electronic,8258572000.0,339.98
Fitness,Electronic,7725000.0,7695785.0
Puzzles,Sports & Outdoors,4619386000.0,4553153000.0
Audio,Fashion,5270000.0,5209045.0
Haircare,Home & Living,43177.0,39000.0
Blocks,Fashion,411.43,9860789.0
Wearables,Electronic,40.45,36.53
Cycling,Beauty Care,9056161.0,9020962.0
Decor,Toys,6650398.0,6619743.0
Makeup,Electronic,9006000.0,374.47
Audio,Home & Living,3943310.0,3914652.0
Audio,Beauty Care,1367882000.0,1333000.0
Cameras,Home & Living,3044056.0,123.99
Rc,Electronic,7105292.0,7077000.0
Rc,Sports & Outdoors,234.44,233.03
Cameras,Home & Living,403.5,9662900000.0
Puzzles,Home & Living,6020859.0,6005000.0
Cleaning,Beauty Care,4274072.0,4260244000.0
Wearables,Sports & Outdoors,41177.0,29141.0
Haircare,Sports & Outdoors,364835.0,288399.0
Wearables,Beauty Care,345.86,345.8
Laptops,Home & Living,5898000.0,5846033000.0
Rc,Home & Living,153.55,151.08
Clothing,Toys,6418206.0,6400239.0
Furniture,Sports & Outdoors,6773377000.0,6720415.0
Furniture,Sports & Outdoors,1955676.0,1893396.0
Shoes,Electronic,637122000.0,619047.0
Phones,Electronic,497.24,20.27
Kitchen,Beauty Care,8543856.0,355.67
Phones,Electronic,3805408000.0,3792344000.0
Wearables,Home & Living,195.4,193.82
Outdoor,Fashion,4496562.0,4447630000.0
Board Games,Home & Living,132000.0,5.0
Clothing,Home & Living,215.96,5152742.0
Laptops,Electronic,7483510.0,7386000.0
Clothing,Home & Living,7313351.0,7219563000.0
Cameras,Beauty Care,5839923.0,5825949.0
Accessories,Home & Living,4931182.0,204.83
Team Sports,Beauty Care,6925852.0,6883000.0
Wearables,Electronic,23.7,20.97
Phones,Toys,876686.0,870525.0
Cameras,Beauty Care,6078651000.0,251.94
Laptops,Electronic,79.69,1833409.0
Clothing,Beauty Care,7332801000.0,7236231.0
Laptops,Home & Living,43.04,955288.0
Wearables,Electronic,0.87,1000.0
Audio,Fashion,415.67,413.87
Phones,Electronic,7531727000.0,7449763.0
Audio,Fashion,295.48,7030817.0
Haircare,Sports & Outdoors,2476318.0,2388364.0
Phones,Electronic,4496827.0,185.5
Outdoor,Electronic,7223781.0,7208000.0
Laptops,Fashion,2187187.0,90.18
Accessories,Electronic,7980195.0,329.95
Furniture,Sports & Outdoors,8984232.0,8899909.0
Cameras,Home & Living,223.65,5312000.0
Board Games,Electronic,371.32,8902831.0
Decor,Beauty Care,380.41,9050475.0
Wearables,Electronic,3181483.0,129.77
Cameras,Toys,7344962000.0,7305000.0
Makeup,Fashion,91.59,87.65
Laptops,Home & Living,6459422.0,6431455.0
Haircare,Electronic,9049838.0,8964000.0
Cameras,Electronic,200.43,4750116.0
Haircare,Electronic,4895000.0,202.16
Laptops,Electronic,1951959.0,78.89
Kitchen,Toys,26.1,572834.0
Team Sports,Home & Living,2267000.0,2207613.0
Outdoor,Beauty Care,5424145.0,5387615.0
Cycling,Sports & Outdoors,101.22,2340547.0
Team Sports,Sports & Outdoors,8723181.0,362.64
Team Sports,Home & Living,75.89,1749003000.0
Outdoor,Home & Living,2725363000.0,2722026.0
Shoes,Sports & Outdoors,5843721.0,5786197.0
Outdoor,Home & Living,5507436.0,5493266.0
Board Games,Home & Living,368.82,8773887.0
Cycling,Toys,7.42,94.22
Cameras,Beauty Care,29.96,25.85
Wearables,Electronic,353.12,8467625.0
Furniture,Home & Living,6507271.0,6481912.0
Fitness,Electronic,6451435.0,6447873.0
Skincare,Sports & Outdoors,9425953.0,9370000.0
Furniture,Toys,297.37,294.25
Furniture,Beauty Care,3851354.0,3831291.0
Audio,Electronic,1675189000.0,1627577.0
Wearables,Toys,8424000.0,348.74
Team Sports,Home & Living,347.71,347.45
Outdoor,Beauty Care,9164068.0,378.55
Blocks,Home & Living,264.44,6259569000.0
Cleaning,Beauty Care,91.97,2200968.0
Team Sports,Home & Living,4088000.0,4058958.0
Wearables,Home & Living,1810408.0,1732000.0
Kitchen,Electronic,7919239.0,7885350000.0
Makeup,Home & Living,1732848000.0,70.94
Laptops,Home & Living,8578424.0,8480145.0
Cleaning,Home & Living,6790310.0,6737711.0
Audio,Home & Living,2094168.0,86.99
Audio,Fashion,5608034.0,5591439.0
Skincare,Toys,6240420.0,6196920.0
Laptops,Electronic,1669928.0,1622774000.0
Makeup,Electronic,9406093.0,9306000.0
Shoes,Home & Living,373.78,8969623.0
Fitness,Fashion,397.67,9471000.0
Puzzles,Toys,6700000.0,6688000000.0
Audio,Sports & Outdoors,9535344.0,394.67
Puzzles,Beauty Care,7233330.0,7182310.0
Furniture,Sports & Outdoors,9195882000.0,9157000.0
Accessories,Beauty Care,139.2,135.46
Shoes,Toys,1266000.0,1175573000.0
Wearables,Home & Living,3200755.0,130.38
Wearables,Electronic,2505186.0,2413998000.0
Board Games,Toys,9804334.0,9722000.0
Shoes,Beauty Care,114.64,2711000.0
Puzzles,Home & Living,7803325.0,324.41
Outdoor,Electronic,7825479.0,325.54
Phones,Home & Living,4641681.0,190.12
Laptops,Fashion,7590902.0,7535265.0
Cycling,Electronic,7164580.0,296.74
Fitness,Fashion,5429000.0,226.01
Clothing,Beauty Care,50.18,1193244.0
Cameras,Home & Living,526762000.0,491894.0
Board Games,Electronic,4127000.0,169.9
Furniture,Fashion,191.36,4567675.0
Cameras,Beauty Care,9076343.0,375.99
Shoes,Electronic,2193000.0,2116490.0
Puzzles,Toys,7277398.0,7258586000.0
Decor,Beauty Care,9588698.0,9567408.0
Team Sports,Toys,189.77,4473020.0
Rc,Beauty Care,6301544.0,6255456.0
Audio,Home & Living,409.53,9736518000.0
Wearables,Sports & Outdoors,4633485000.0,4565000.0
Team Sports,Home & Living,4856907.0,4834002.0
Haircare,Electronic,3039578000.0,124.17
Phones,Toys,171.78,4074000.0
Wearables,Fashion,1578604.0,1565524.0
Audio,Beauty Care,199.52,4765645000.0
Wearables,Beauty Care,6849295000.0,6828549.0
Shoes,Beauty Care,5815295.0,5795718.0
Wearables,Electronic,415.3,9936000.0
Blocks,Fashion,1213340000.0,1151000.0
Skincare,Toys,3719057.0,3666934.0
Phones,Fashion,5717000.0,5634000.0
Phones,Fashion,1720639.0,69.33
Wearables,Toys,2271999.0,2251899.0
Wearables,Sports & Outdoors,2823596.0,2820126.0
Outdoor,Electronic,122.35,2836601.0
Cleaning,Fashion,9357815.0,388.67
Board Games,Sports & Outdoors,384.57,9223534.0
Shoes,Electronic,183.28,4333090000.0
Cycling,Home & Living,3104029.0,3035726.0
Laptops,Fashion,5822267.0,5753000.0
Cycling,Beauty Care,2302835.0,2224864.0
Fitness,Fashion,5634393000.0,233.64
Laptops,Sports & Outdoors,8136000.0,8121391.0
Cameras,Home & Living,173.81,4102000.0
Kitchen,Home & Living,9055053.0,9040101.0
Phones,Beauty Care,6132000.0,6132276.0
Furniture,Sports & Outdoors,7121068000.0,295.46
Phones,Electronic,4841000.0,198.76
Wearables,Electronic,4813768.0,4807984.0
Decor,Home & Living,1972000.0,1943112.0
Rc,Electronic,2065541.0,1974709.0
Team Sports,Fashion,1075000.0,1065170.0
Shoes,Toys,355.35,8502938.0
Haircare,Electronic,160.02,157.96
Puzzles,Home & Living,5961000.0,5899336000.0
Cycling,Sports & Outdoors,6499378000.0,6403000.0
Phones,Beauty Care,9494000.0,9489000.0
Haircare,Toys,53.47,1209934.0
Wearables,Electronic,3688297.0,3680000.0
Cleaning,Fashion,1246907000.0,51.46
Puzzles,Beauty Care,357.53,8508250.0
Phones,Sports & Outdoors,90.41,2129926.0
Cycling,Toys,75.2,74.36
Cleaning,Sports & Outdoors,5443731000.0,5415284.0
Outdoor,Home & Living,7461114.0,7385879.0
Accessories,Fashion,6631000.0,6626355.0
Wearables,Fashion,7327159.0,7232732.0
Rc,Home & Living,6767373000.0,281.36
Rc,Home & Living,5963087000.0,5959000.0
Kitchen,Toys,2628376000.0,2619000.0
Outdoor,Sports & Outdoors,9626000.0,399.08
Haircare,Sports & Outdoors,3222925.0,3217856.0
Outdoor,Electronic,4259746.0,4251512.0
Phones,Beauty Care,212.89,5090903.0
Puzzles,Fashion,337.92,8109231.0
Accessories,Home & Living,7727000.0,7675724.0
Board Games,Fashion,376.28,8960704.0
Haircare,Sports & Outdoors,1348452.0,53.66
Team Sports,Home & Living,5166299.0,5138769.0
Laptops,Sports & Outdoors,3386000.0,140.98
Shoes,Electronic,5260000.0,217.61
Team Sports,Sports & Outdoors,6410054.0,6389216.0
Clothing,Electronic,4773000.0,4751657000.0
Cycling,Home & Living,4046827.0,3971542.0
Decor,Home & Living,4319000.0,4289379.0
Laptops,Home & Living,6588337.0,6549552.0
Board Games,Beauty Care,9629510.0,9548251.0
Decor,Fashion,69.27,1593867.0
Blocks,Home & Living,49.73,1158126.0
Outdoor,Toys,33.59,778351000.0
Audio,Electronic,6858000.0,6845965000.0
Laptops,Toys,14300.0,1000.0
Cleaning,Fashion,237.28,5624997.0
Skincare,Sports & Outdoors,4968569000.0,4960000.0
Cycling,Home & Living,4648566.0,192.31
Rc,Toys,2785015.0,2756867.0
Laptops,Home & Living,7076588000.0,294.71
Cleaning,Toys,3847891.0,3796000.0
Phones,Electronic,1164430.0,1071765.0
Cycling,Fashion,6283928.0,259.37
Kitchen,Electronic,1091954.0,1064000.0
Blocks,Electronic,5937000.0,5915000.0
Audio,Toys,3207914.0,3131517.0
Fitness,Electronic,5877000.0,5804989.0
Accessories,Beauty Care,308.44,307.91
Phones,Toys,263.86,6315922.0
Shoes,Toys,1018622.0,944111.0
Haircare,Electronic,196.0,194.18
Furniture,Fashion,9274982.0,9183023000.0
Furniture,Sports & Outdoors,294.3,293.75
Makeup,Beauty Care,250.62,5995982.0
Wearables,Beauty Care,983876.0,40.23
Outdoor,Electronic,2469142000.0,2404592.0
Furniture,Fashion,3690851.0,3683000.0
Outdoor,Sports & Outdoors,8860094000.0,368.42
Puzzles,Beauty Care,1380578.0,1362338.0
Haircare,Fashion,123.44,2928224.0
Team Sports,Fashion,235.39,5632810.0
Wearables,Electronic,9079545.0,8996198.0
Clothing,Home & Living,4984656.0,4974421.0
Furniture,Electronic,878465.0,34.85
Wearables,Electronic,4479728.0,185.85
Kitchen,Electronic,173.96,4103826000.0
Wearables,Home & Living,2864000.0,115.55
Phones,Electronic,4279000.0,176.76
Furniture,Fashion,902000.0,879198.0
Skincare,Sports & Outdoors,8898095.0,8823922.0
Decor,Electronic,3039000.0,2991904000.0
Audio,Fashion,111.6,2670000.0
Laptops,Electronic,7289000.0,7242169.0
Audio,Electronic,9411460000.0,9364834.0
Cycling,Home & Living,3393428.0,137.45
Outdoor,Toys,6.52,5.51
Laptops,Beauty Care,9659988.0,400.48
Puzzles,Beauty Care,98.58,2361638.0
Furniture,Toys,9651783000.0,400.38
Cameras,Beauty Care,293.35,6963000.0
Rc,Home & Living,8560451.0,8551575.0
Audio,Fashion,7970485.0,7955479.0
Blocks,Fashion,6285600.0,6256928000.0
Clothing,Beauty Care,7199000.0,7184000.0
Laptops,Electronic,4715055000.0,4698180000.0
Skincare,Beauty Care,343.66,8166318.0
Cameras,Beauty Care,7777000.0,7682187.0
Cameras,Electronic,25.19,24.63
Blocks,Electronic,51.26,48.05
Blocks,Fashion,114304000.0,74399.0
Furniture,Beauty Care,858758.0,852715.0
Rc,Sports & Outdoors,279.47,6634940.0
Accessories,Electronic,917000.0,825000.0
Kitchen,Home & Living,163590.0,107538.0
Decor,Toys,174.14,4107280.0
Audio,Sports & Outdoors,7437005000.0,7360332000.0
Cleaning,Fashion,9226811.0,381.99
Skincare,Sports & Outdoors,7917381.0,7852000.0
Kitchen,Electronic,7292734.0,300.32
Skincare,Electronic,6875394.0,6842960.0
Cameras,Beauty Care,4397442.0,4303562.0
Cameras,Beauty Care,7716316.0,7666581.0
Cycling,Fashion,4271341000.0,4248960.0
Fitness,Home & Living,591625.0,558714000.0
Clothing,Sports & Outdoors,142.6,97883.0
Decor,Toys,349616.0,13.75
Skincare,Sports & Outdoors,147.3,3484239000.0
Cycling,Sports & Outdoors,9282143000.0,384.92
Accessories,Beauty Care,130.09,3110000.0
Phones,Home & Living,250.79,5952661.0
Decor,Beauty Care,6176292.0,6174129000.0
Cleaning,Sports & Outdoors,2914247.0,2873923.0
Laptops,Beauty Care,2104100.0,84.33
Cycling,Home & Living,472087.0,459127000.0
Skincare,Beauty Care,8262012.0,8242918.0
Furniture,Sports & Outdoors,1651000.0,1631316000.0
Fitness,Home & Living,2166000.0,2103000.0
Puzzles,Fashion,3943874000.0,3858224.0
Accessories,Sports & Outdoors,2225525.0,2174000.0
Kitchen,Home & Living,2356000.0,2317000.0
Clothing,Sports & Outdoors,3289503.0,3281689.0
Skincare,Toys,4511093.0,4496000.0
Kitchen,Home & Living,134.15,131.87
Furniture,Toys,412366000.0,342565.0
Makeup,Fashion,8159370.0,8092497.0
Outdoor,Home & Living,4673000.0,4643568.0
Audio,Home & Living,5249829.0,5215246.0
Cycling,Home & Living,249.77,5976780.0
Clothing,Fashion,3012834000.0,122.29
Blocks,Electronic,5395750.0,5368115.0
Cameras,Home & Living,4871922.0,4825058.0
Phones,Home & Living,7163000.0,7147916.0
Phones,Fashion,402.1,398.71
Phones,Beauty Care,6356827.0,6264540.0
Cleaning,Fashion,6283696.0,6279094.0
Audio,Electronic,5134011000.0,5062540.0
Audio,Toys,593000.0,585762.0
Rc,Sports & Outdoors,8648000.0,8569000.0
Rc,Electronic,9585000.0,9573000.0
Kitchen,Beauty Care,348.44,8343794.0
Haircare,Electronic,6942667.0,6907000.0
Puzzles,Sports & Outdoors,44.41,1006230.0
Blocks,Home & Living,6401447.0,264.46
Rc,Home & Living,9435000.0,9369116.0
Furniture,Home & Living,1084792.0,1053196.0
Cycling,Toys,45.62,44.75
Wearables,Sports & Outdoors,189439.0,3.96
Phones,Home & Living,26.46,24.2
Furniture,Beauty Care,284.01,6725000.0
Furniture,Sports & Outdoors,8672000.0,8587292.0
Skincare,Home & Living,7696000.0,7662000.0
Makeup,Home & Living,265.93,261.85
Laptops,Toys,895492.0,35.81
Cleaning,Sports & Outdoors,6447000.0,6387019.0
Furniture,Sports & Outdoors,8670785.0,8602445000.0
Cleaning,Toys,3018000.0,2933247.0
Audio,Home & Living,341.01,339.02
Board Games,Home & Living,7397896000.0,7353788000.0
Phones,Electronic,9340774000.0,9300229.0
Shoes,Fashion,1467000.0,1454780000.0
Outdoor,Home & Living,4309230.0,176.18
Laptops,Fashion,98.41,2293067.0
Cleaning,Beauty Care,295.7,6998756.0
Blocks,Toys,121.09,120.93
Shoes,Beauty Care,403277.0,304179.0
Decor,Electronic,3553549.0,144.8
Clothing,Electronic,7637381.0,7560128.0
Cleaning,Electronic,46.83,1092000.0
Team Sports,Home & Living,204.34,202.05
Team Sports,Beauty Care,2490000.0,2411832.0
Fitness,Electronic,8137873000.0,8134643.0
Phones,Fashion,248.63,5915130000.0
Makeup,Beauty Care,6652756.0,6642290000.0
Haircare,Beauty Care,8807971.0,8737000.0
Accessories,Beauty Care,8098000.0,8097367.0
Phones,Toys,8945292000.0,369.22
Audio,Toys,76.86,74.64
Blocks,Toys,4709061.0,4625000.0
Audio,Electronic,67.03,1546000.0
Makeup,Beauty Care,9867755.0,410.75
Skincare,Electronic,13.17,228179.0
Cameras,Beauty Care,69.63,1573772.0
Cycling,Toys,4993848.0,4943011.0
Makeup,Electronic,149.74,3569619.0
Wearables,Toys,8721400000.0,360.18
Laptops,Electronic,4304000.0,178.16
Laptops,Beauty Care,9540312.0,9447696000.0
Cycling,Fashion,8886000.0,8840526.0
Clothing,Fashion,5609559.0,5550090000.0
Makeup,Electronic,3665203.0,150.83
Makeup,Sports & Outdoors,1907896.0,75.93
Furniture,Toys,597897.0,511737.0
Makeup,Toys,1244793.0,1168441.0
Cycling,Sports & Outdoors,371.61,8827376.0
Cameras,Electronic,7185545.0,7154942000.0
Wearables,Sports & Outdoors,4549907.0,188.24
Clothing,Beauty Care,3208000.0,129.61
Cleaning,Electronic,254178.0,9.15
Blocks,Electronic,3071000.0,3057182.0
Laptops,Beauty Care,4117000.0,4102422.0
Laptops,Sports & Outdoors,6653940.0,6640060.0
Audio,Fashion,2565083000.0,2473000.0
Kitchen,Beauty Care,5699685.0,5658839.0
Phones,Beauty Care,8.47,182033.0
Phones,Toys,222.94,221.83
Board Games,Electronic,67.2,1547940.0
Fitness,Home & Living,8674276.0,357.38
Wearables,Electronic,6740392.0,6727000.0
Outdoor,Electronic,232.65,5529000.0
Team Sports,Sports & Outdoors,47.9,1093794.0
Cameras,Electronic,6353000.0,6331956000.0
Cameras,Sports & Outdoors,6968380000.0,6940000.0
Laptops,Electronic,7115868.0,7042973.0
Haircare,Electronic,8447719.0,8415191.0
Kitchen,Home & Living,4977913.0,4953057.0
Accessories,Electronic,325.91,7818113000.0
Furniture,Beauty Care,4336000.0,178.26
Outdoor,Electronic,6150917.0,6099000.0
Cycling,Fashion,2289494.0,2196119000.0
Audio,Sports & Outdoors,8129567.0,8083548000.0
Rc,Fashion,3837797.0,3813837.0
Blocks,Electronic,8495080.0,8410252.0
Makeup,Sports & Outdoors,254.64,6049729000.0
Shoes,Toys,244.42,5865805.0
Cleaning,Home & Living,7861000.0,7848552.0
Outdoor,Electronic,1559832.0,1464000.0
Board Games,Home & Living,8809755.0,8765818.0
Haircare,Sports & Outdoors,186.16,4384505.0
Board Games,Sports & Outdoors,8553571000.0,8479271.0
Cycling,Electronic,361.71,8606188.0
Decor,Fashion,8014407.0,7981736.0
Rc,Home & Living,233.73,5591000.0
Decor,Home & Living,7225741000.0,7216495.0
Rc,Home & Living,8302647.0,8289027.0
Cameras,Beauty Care,9815288.0,9775000.0
Rc,Toys,240.08,5751000.0
Outdoor,Fashion,8192790.0,8175125.0
Audio,Sports & Outdoors,361.65,8619490.0
Kitchen,Beauty Care,4286097000.0,4265776.0
Phones,Home & Living,126.47,3000713.0
Phones,Toys,113.47,2674930.0
Cycling,Fashion,5155584.0,5144093.0
Team Sports,Fashion,3491733.0,3440745.0
Phones,Beauty Care,6530000.0,6435184.0
Board Games,Beauty Care,2808317.0,2775314.0
Shoes,Fashion,6272546.0,6184839.0
Cameras,Home & Living,9075781.0,8979627.0
Laptops,Beauty Care,2287694.0,2246378000.0
Wearables,Electronic,2818384.0,113.74
Makeup,Toys,187.6,187.37
Blocks,Sports & Outdoors,9001941000.0,374.15
Clothing,Home & Living,9484000.0,9394475.0
Laptops,Sports & Outdoors,9436464.0,9417726.0
Laptops,Electronic,7184272.0,299.12
Decor,Electronic,8301149.0,8235310.0
Kitchen,Fashion,4740000.0,4721274000.0
Audio,Sports & Outdoors,7472457.0,7393999.0
Phones,Home & Living,5116590.0,212.54
Cycling,Beauty Care,9509522000.0,9462194.0
Kitchen,Home & Living,238.61,5701890.0
Phones,Home & Living,960348.0,930921.0
Fitness,Fashion,7393618.0,7326435.0
Audio,Home & Living,8424474.0,8348674.0
Phones,Fashion,8333144.0,345.47
Board Games,Sports & Outdoors,1783696000.0,73.29
Cameras,Electronic,227.75,5436674.0
Outdoor,Fashion,5114192000.0,5062000.0
Laptops,Home & Living,6280000.0,6264500000.0
Phones,Electronic,5188680.0,213.72
Haircare,Sports & Outdoors,155.42,3655326.0
Audio,Fashion,286079.0,276198000.0
Phones,Home & Living,2.13,9410000.0
Rc,Home & Living,680160.0,661456.0
Accessories,Fashion,1377882000.0,54.29
Team Sports,Sports & Outdoors,5578792.0,229.46
Haircare,Electronic,5950000.0,5924493.0
Cameras,Sports & Outdoors,6627110.0,273.84
Fitness,Fashion,5415000.0,5408000.0
Audio,Beauty Care,646514.0,628250.0
Furniture,Electronic,9454000.0,9431017000.0
Phones,Sports & Outdoors,6753123.0,6661219.0
Haircare,Electronic,409.23,405.92
Furniture,Toys,4673013.0,194.07
Makeup,Fashion,4308041000.0,4287588000.0
Rc,Electronic,3257705.0,134.32
Cycling,Home & Living,2000463.0,82.98
Makeup,Home & Living,90.57,2114029000.0
Laptops,Electronic,2470314.0,2420462000.0
Laptops,Sports & Outdoors,205.19,201.08
Wearables,Electronic,9722830.0,9630273.0
Skincare,Sports & Outdoors,8392073.0,8343199.0
Accessories,Sports & Outdoors,5760000.0,5747000.0
Blocks,Electronic,381.08,380.89
Cleaning,Toys,4765013.0,196.55
Board Games,Electronic,1391355000.0,54.52
Team Sports,Home & Living,49.3,1118000.0
Audio,Electronic,327.06,7764305.0
Laptops,Toys,4536932000.0,185.48
Outdoor,Toys,89.37,2116000.0
Wearables,Fashion,8794869.0,365.59
Audio,Fashion,8573000.0,354.03
Board Games,Fashion,7758067000.0,7724787000.0
Accessories,Toys,6459056.0,6406685.0
Blocks,Fashion,1543971.0,1539272000.0
Fitness,Sports & Outdoors,50000.0,14356.0
Puzzles,Beauty Care,220.3,5216510.0
Shoes,Electronic,1147020000.0,1097782.0
Cameras,Toys,3236951.0,131.56
Furniture,Beauty Care,213.66,211.64
Puzzles,Home & Living,66.96,64.47
Laptops,Electronic,2400747.0,2390461.0
Cameras,Electronic,3941000.0,3898290.0
Cameras,Home & Living,2119857000.0,2052020.0
Laptops,Home & Living,1568956.0,1492550.0
Wearables,Electronic,3135077.0,3082151.0
Wearables,Home & Living,46.1,1090641000.0
Wearables,Toys,3974198.0,3960000.0
Kitchen,Beauty Care,48.68,48.65
Makeup,Home & Living,7954000.0,7857425.0
Fitness,Home & Living,166.13,3952252.0
Cameras,Sports & Outdoors,946763.0,908148000.0
Wearables,Sports & Outdoors,9208553.0,9158000.0
Laptops,Beauty Care,2557130.0,105.89
Wearables,Toys,2.66,10935000.0
Team Sports,Sports & Outdoors,323.63,7695655.0
Shoes,Electronic,7887905.0,7826714.0
Cameras,Fashion,1456814000.0,1423208.0
Accessories,Electronic,1019591.0,938000.0
Team Sports,Fashion,6712602000.0,6694815.0
Cameras,Fashion,518001.0,20.16
Cycling,Sports & Outdoors,103.64,102.97
Furniture,Electronic,2048000.0,83.44
Outdoor,Electronic,2486971.0,100.73
Haircare,Home & Living,6367944.0,6273000.0
Fitness,Sports & Outdoors,4216000.0,4170871.0
Furniture,Beauty Care,146.16,145.79
Fitness,Toys,9803293.0,406.29
Kitchen,Electronic,639000.0,553102.0
Cycling,Sports & Outdoors,7860742000.0,7835110.0
Makeup,Sports & Outdoors,8546204.0,8543533.0
Board Games,Home & Living,4296187000.0,4255020.0
Wearables,Sports & Outdoors,3112000.0,3086000.0
Outdoor,Home & Living,4798877.0,4768880.0
Shoes,Home & Living,888443000.0,794490000.0
Cameras,Home & Living,8556547.0,355.7
Audio,Fashion,6308719000.0,6259510.0
Cycling,Toys,336.25,7973002.0
Makeup,Beauty Care,322.78,319.24
Phones,Electronic,259.97,257.89
Audio,Home & Living,365390.0,286411.0
Audio,Sports & Outdoors,6026876.0,6018944.0
Outdoor,Home & Living,9503473.0,9493114.0
Furniture,Beauty Care,149.54,3558000.0
Puzzles,Electronic,293.44,289.49
Wearables,Fashion,9946241.0,9857656.0
Phones,Toys,264.51,6270131.0
Board Games,Electronic,5303336000.0,5270060.0
Puzzles,Sports & Outdoors,705679000.0,692.79
Laptops,Home & Living,5041694.0,209.4
Wearables,Toys,327.5,325.65
Cleaning,Electronic,1890286000.0,1881367000.0
Furniture,Electronic,259.41,259.39
Laptops,Home & Living,1476927000.0,1426360000.0
Outdoor,Home & Living,4893809.0,4818631.0
Haircare,Toys,261.08,258.14
Rc,Home & Living,387.38,9255000.0
Team Sports,Home & Living,8351781.0,8285321.0
Furniture,Electronic,3453872.0,3381000.0
Phones,Beauty Care,6104991.0,6080081.0
Cameras,Electronic,109000.0,1.08
Phones,Sports & Outdoors,6596191000.0,270.71
Outdoor,Fashion,9917000.0,9852761000.0
Wearables,Home & Living,529446.0,20.93
Wearables,Sports & Outdoors,3120789.0,128.34
Cycling,Electronic,8413547000.0,8347882.0
Audio,Fashion,2489953.0,2407000.0
Blocks,Home & Living,3508672.0,145.92
Decor,Toys,7924000.0,7851484.0
Blocks,Beauty Care,245.54,5840692.0
Outdoor,Home & Living,7756642.0,7691000.0
Fitness,Sports & Outdoors,9350998.0,9332942.0
Clothing,Toys,9804142.0,408.34
Audio,Sports & Outdoors,391.19,387.91
Rc,Electronic,9880132.0,9813787.0
Accessories,Electronic,2737000.0,2646998.0
Shoes,Toys,1236951.0,1188506000.0
Makeup,Home & Living,141.73,3362000.0
Board Games,Electronic,137.19,3247422000.0
Laptops,Sports & Outdoors,3497403.0,3481425.0
Wearables,Fashion,35.21,838000.0
Kitchen,Beauty Care,184.82,182.58
Cameras,Home & Living,2063303.0,83.87
Blocks,Fashion,9682073000.0,400.2
Phones,Toys,5197309.0,5146279000.0
Fitness,Sports & Outdoors,1763400.0,1691533.0
Wearables,Fashion,3078582.0,2989922.0
Wearables,Fashion,3222911.0,131.21
Cycling,Electronic,2471457.0,102.2
Kitchen,Home & Living,301.09,7160767.0
Phones,Beauty Care,857000.0,34.74
Skincare,Home & Living,6896004000.0,6850000.0
Shoes,Beauty Care,178.71,174.84
Makeup,Fashion,2237000.0,2210102.0
Puzzles,Beauty Care,2273553000.0,92.63
Rc,Beauty Care,9213100000.0,383.52
Cleaning,Fashion,4097931.0,168.05
Fitness,Beauty Care,181.7,4347000.0
Haircare,Sports & Outdoors,67.58,1573698.0
Clothing,Fashion,1363333.0,53.01
Haircare,Toys,8266802.0,8205112.0
Laptops,Electronic,640000.0,25.48
Haircare,Fashion,4255050.0,173.9
Clothing,Toys,2052644.0,1953952000.0
Outdoor,Toys,2963912000.0,2913091000.0
Cameras,Toys,38.38,889134.0
Audio,Home & Living,4057081.0,167.75
Laptops,Sports & Outdoors,3499697.0,3482018.0
Phones,Sports & Outdoors,4732318000.0,4695000.0
Puzzles,Home & Living,3122976.0,127.22
Wearables,Sports & Outdoors,7557872.0,7533348.0
Audio,Sports & Outdoors,1628099.0,1574127000.0
Skincare,Electronic,2048899.0,2021000.0
Fitness,Home & Living,8242649.0,341.53
Cycling,Home & Living,1119829.0,1035177000.0
Outdoor,Electronic,7780055.0,324.07
Wearables,Beauty Care,6236000.0,257.57
Board Games,Fashion,7880293.0,7782000.0
Rc,Home & Living,9922587000.0,9918758.0
Outdoor,Toys,312.97,7502000.0
Makeup,Fashion,6779000.0,6747618.0
Shoes,Home & Living,93.01,2136301000.0
Laptops,Electronic,3979738.0,163.81
Clothing,Beauty Care,8592621.0,356.87
Puzzles,Fashion,66.88,63.1
Cleaning,Sports & Outdoors,4695813.0,4614722.0
Accessories,Sports & Outdoors,5061000.0,209.75
Cameras,Electronic,9619000.0,400.28
Cleaning,Sports & Outdoors,2918771.0,2885190.0
Clothing,Beauty Care,8727612.0,8674953000.0
Skincare,Home & Living,4925880.0,4873008000.0
Cameras,Electronic,6963613.0,6902295.0
Decor,Toys,205000.0,127242000.0
Cleaning,Fashion,5774699.0,5700566.0
Wearables,Sports & Outdoors,8557036.0,354.92
Fitness,Home & Living,121411.0,3.23
Clothing,Electronic,7861000.0,327.11
Cameras,Sports & Outdoors,2105985000.0,87.48
Blocks,Fashion,67762.0,2.27
Accessories,Sports & Outdoors,54.52,51.91
Haircare,Fashion,6039779000.0,5985000.0
Team Sports,Sports & Outdoors,7808875000.0,7743346.0
Wearables,Beauty Care,1408664.0,57.33
Puzzles,Electronic,4970120.0,4880434.0
Cycling,Electronic,9318167000.0,9260841.0
Makeup,Home & Living,6649676.0,6612895.0
Skincare,Electronic,5958000.0,5926000.0
Audio,Sports & Outdoors,305.11,7250110.0
Makeup,Fashion,7721472.0,7702014000.0
Audio,Beauty Care,3004242.0,2985000.0
Shoes,Home & Living,3561399.0,3471909.0
Laptops,Electronic,83.49,1996000.0
Laptops,Beauty Care,114.4,2667000.0
Shoes,Beauty Care,2453540.0,2427659.0
Laptops,Home & Living,274.13,6530989000.0
Cleaning,Home & Living,326.8,7789165.0
Laptops,Fashion,3850290.0,157.64
Phones,Home & Living,5643462000.0,5549788.0
Wearables,Electronic,395.79,9409232.0
Skincare,Toys,9926689000.0,9915725.0
Fitness,Sports & Outdoors,5738613.0,5640167.0
Skincare,Electronic,1529539.0,1502531.0
Audio,Beauty Care,390872.0,349220000.0
Team Sports,Electronic,4304479.0,178.04
Shoes,Electronic,5166210000.0,213.62
Wearables,Fashion,77.95,1868971000.0
Furniture,Sports & Outdoors,113.26,109.91
Haircare,Home & Living,217.94,5215585000.0
Decor,Electronic,37.61,823732.0
Cameras,Electronic,1329109.0,1319000.0
Makeup,Home & Living,312.62,7481611000.0
Wearables,Beauty Care,5413000.0,5404043.0
Cameras,Toys,406.05,405.22
Wearables,Home & Living,1458322.0,59.78
Furniture,Toys,4903647.0,4898222.0
Furniture,Toys,311.77,7395640000.0
Audio,Sports & Outdoors,83.72,1974701.0
Cycling,Sports & Outdoors,182.94,181.93
Wearables,Toys,205.13,4871622.0
Blocks,Toys,91.93,2162602.0
Fitness,Home & Living,38.35,828557000.0
Clothing,Electronic,89.78,2138230.0
Clothing,Fashion,1475617000.0,61.28
Skincare,Electronic,1227636000.0,47.78
Blocks,Home & Living,2240744000.0,2155196000.0
Outdoor,Home & Living,2704804.0,2661922.0
Wearables,Electronic,4517000.0,185.68
Laptops,Electronic,3972000.0,3888520000.0
Board Games,Home & Living,7591905.0,7536000.0
Decor,Electronic,275.3,6544232.0
Haircare,Toys,6299796.0,261.54
Clothing,Electronic,5581000.0,5510554.0
Blocks,Toys,7896457000.0,7812931.0
Skincare,Toys,20.65,422705000.0
Laptops,Home & Living,7774233.0,7747063.0
Phones,Home & Living,4082000.0,4052315000.0
Phones,Home & Living,6903793.0,6877594.0
Furniture,Toys,9483598.0,392.96
Phones,Toys,161.41,3776000.0
Phones,Home & Living,1045926.0,964164.0
Wearables,Beauty Care,3426000.0,3414359.0
Board Games,Sports & Outdoors,4834000.0,4781611000.0
Makeup,Sports & Outdoors,293.52,290.29
Rc,Electronic,8987729.0,8889736.0
Furniture,Toys,57.11,1343000.0
Decor,Home & Living,6293000.0,6290000.0
Skincare,Home & Living,7688362.0,7621666.0
Laptops,Electronic,3435012.0,3403515000.0
Team Sports,Electronic,354.35,353.32
Rc,Electronic,30.9,29.23
Decor,Home & Living,289.67,6916227.0
Skincare,Toys,167000.0,87192.0
Laptops,Sports & Outdoors,143.96,140.72
Kitchen,Sports & Outdoors,1253783000.0,1205464.0
Outdoor,Fashion,78.14,1847000.0
Furniture,Sports & Outdoors,310.88,7381887.0
Accessories,Toys,0.74,1000.0
Wearables,Sports & Outdoors,4386865.0,4360091.0
Skincare,Home & Living,267.19,6329956.0
Furniture,Electronic,5740388.0,238.11
Skincare,Electronic,5541637.0,5490966.0
Clothing,Fashion,6371150.0,263.25
Makeup,Electronic,5454000.0,226.02
Rc,Home & Living,7372395000.0,7318170.0
Decor,Home & Living,7747000.0,319.29
Accessories,Toys,4762246.0,4731000.0
Cameras,Electronic,5107677.0,5029088000.0
Phones,Fashion,1556000.0,1479396.0
Haircare,Sports & Outdoors,273.6,271.27
Outdoor,Sports & Outdoors,5986847.0,5978552.0
Wearables,Fashion,5419526.0,5397000.0
Haircare,Toys,5711984000.0,5689802.0
Fitness,Toys,4631773.0,4621115000.0
Fitness,Toys,2289931.0,92.54
Puzzles,Home & Living,5103514.0,210.16
Audio,Electronic,6555768000.0,6514668000.0
Decor,Electronic,5768000.0,5674433.0
Rc,Electronic,176084.0,105061000.0
Clothing,Fashion,375.02,8960901000.0
Cameras,Electronic,2950999.0,122.61
Fitness,Sports & Outdoors,61.52,1446881.0
Blocks,Electronic,3910276.0,160.45
Team Sports,Fashion,122998.0,99582.0
Kitchen,Home & Living,355.75,8447935.0
Cameras,Toys,9884861.0,9798627.0
Phones,Electronic,6464879.0,6421543000.0
Audio,Electronic,3613593.0,147.5
Furniture,Electronic,1522000.0,1504317.0
Haircare,Beauty Care,8924383.0,8851000.0
Cycling,Home & Living,9124562000.0,9070000.0
Clothing,Fashion,4986192.0,4980151000.0
Team Sports,Fashion,5262668.0,5233000.0
Phones,Sports & Outdoors,2461400.0,2372961.0
Furniture,Fashion,660851000.0,582000.0
Audio,Home & Living,249.7,5989000.0
Accessories,Toys,332.98,7934103.0
Laptops,Home & Living,175.31,4119759.0
Phones,Sports & Outdoors,7537576.0,7537203.0
Furniture,Beauty Care,8938431.0,8843798.0
Phones,Toys,2529841000.0,2445319000.0
Audio,Beauty Care,335.23,7981280.0
Outdoor,Sports & Outdoors,3522891000.0,3503740000.0
Wearables,Sports & Outdoors,8477248.0,8448707000.0
Kitchen,Toys,7636522.0,7588162.0
Rc,Fashion,4518822.0,184.79
Accessories,Sports & Outdoors,4816924.0,199.38
Audio,Electronic,7792264.0,7724086.0
Shoes,Electronic,5044936.0,5002000.0
Cameras,Fashion,77000.0,29117.0
Team Sports,Home & Living,7042891.0,7017000.0
Accessories,Beauty Care,290.25,287.87
Fitness,Sports & Outdoors,133.31,3100266000.0
Phones,Home & Living,46.51,42.69
Kitchen,Sports & Outdoors,5223920.0,216.35
Wearables,Electronic,7804699.0,323.17
Puzzles,Beauty Care,5276749.0,5205982.0
Cameras,Toys,8426280.0,350.61
Outdoor,Electronic,6867000.0,6811533.0
Kitchen,Toys,3722966.0,3669217.0
Phones,Fashion,1274000.0,50.49
Cycling,Home & Living,379.17,9088564.0
Phones,Home & Living,18.58,442449.0
Laptops,Fashion,3048000.0,125.34
Team Sports,Sports & Outdoors,1208616.0,1158519.0
Skincare,Electronic,1497074.0,1475296.0
Furniture,Fashion,243.29,5808521.0
Blocks,Toys,8910062.0,8898665000.0
Audio,Fashion,8856328000.0,8805462.0
Cameras,Toys,1279725.0,52.4
Audio,Electronic,262.54,6246138.0
Blocks,Sports & Outdoors,8947827.0,8943000.0
Laptops,Beauty Care,2290761.0,2288789.0
Puzzles,Electronic,8339293.0,8322510.0
Outdoor,Sports & Outdoors,6643576.0,273.28
Makeup,Beauty Care,580924000.0,561658.0
Fitness,Toys,6269000.0,257.09
Cycling,Home & Living,5666270.0,5607251.0
Phones,Home & Living,425832.0,334000.0
Phones,Home & Living,4978000.0,206.33
Makeup,Electronic,6632797.0,274.66
Board Games,Fashion,7797438.0,7756142.0
Laptops,Electronic,1157654.0,1144280.0
Team Sports,Home & Living,169.11,168.58
Audio,Toys,292.31,6936820.0
Fitness,Electronic,6205000.0,6106930.0
Team Sports,Home & Living,7508802.0,7436489.0
Furniture,Toys,143.05,3392000.0
Wearables,Fashion,9745300.0,9745070.0
Cycling,Electronic,110.51,109.84
Makeup,Toys,6683295000.0,276.54
Laptops,Home & Living,1203101.0,46.95
Decor,Beauty Care,60.14,56.29
Laptops,Home & Living,2955000.0,122.71
Laptops,Home & Living,390.56,9335027.0
Phones,Electronic,9628000.0,397.61
Laptops,Electronic,59.21,1378000.0
Decor,Home & Living,2949868.0,2934905.0
Haircare,Toys,2172935.0,89.51
Decor,Beauty Care,6381355000.0,6303481.0
Kitchen,Electronic,103.42,101.27
Phones,Electronic,7711576.0,319.41
Cameras,Toys,7324489.0,7288009.0
Audio,Home & Living,2402731.0,2332402.0
Accessories,Electronic,197.01,4643615000.0
Audio,Beauty Care,221.44,5303679000.0
Phones,Home & Living,137.43,134.07
Furniture,Home & Living,8541260000.0,8521110000.0
Outdoor,Beauty Care,192.16,191.26
Rc,Toys,2842980000.0,2812000.0
Shoes,Electronic,4309527000.0,4269470000.0
Clothing,Beauty Care,7229861000.0,299.31
Team Sports,Sports & Outdoors,6465821000.0,267.49
Furniture,Toys,6247000.0,6151611.0
Clothing,Beauty Care,296.57,7095305.0
Cameras,Beauty Care,7716316.0,7666581.0
Accessories,Home & Living,3358674.0,136.44
Audio,Sports & Outdoors,9535344.0,394.67
Cameras,Home & Living,5633325.0,5603013.0
Rc,Fashion,219.41,5200072.0
Team Sports,Home & Living,8351781.0,8285321.0
Board Games,Home & Living,2101000.0,2008000.0
Phones,Sports & Outdoors,6753123.0,6661219.0
Cameras,Toys,56.66,1326471000.0
Accessories,Electronic,334.95,8021525.0
Audio,Fashion,295.48,7030817.0
Audio,Beauty Care,285.48,6770657000.0
Makeup,Fashion,8159370.0,8092497.0
Audio,Beauty Care,350.12,347.68
Rc,Toys,2785015.0,2756867.0
Phones,Beauty Care,528015.0,500000.0
Board Games,Fashion,5148836.0,5119598.0
Cameras,Fashion,518001.0,20.16
Clothing,Electronic,9046868000.0,8969248.0
Accessories,Electronic,1019591.0,938000.0
Phones,Fashion,1720639.0,69.33
Audio,Electronic,4044636.0,167.42
Furniture,Beauty Care,8852616000.0,367.91
Board Games,Home & Living,7397896000.0,7353788000.0
Cameras,Beauty Care,293.35,6963000.0
Furniture,Beauty Care,1377177.0,1282793000.0
Decor,Fashion,1856013.0,1829130000.0
Furniture,Sports & Outdoors,1955676.0,1893396.0
Decor,Fashion,4711171.0,195.01
Cameras,Fashion,49.0,47.86
Phones,Beauty Care,208.51,207.76
Board Games,Beauty Care,234.26,5528000.0
Board Games,Sports & Outdoors,384.57,9223534.0
Accessories,Toys,2597274.0,2561000.0
Furniture,Electronic,4658000.0,4610290.0
Furniture,Home & Living,134.93,130.95
Furniture,Home & Living,9787113.0,407.4
Board Games,Home & Living,8809755.0,8765818.0
Blocks,Sports & Outdoors,36.5,35.79
Cameras,Beauty Care,809000.0,779971.0
Shoes,Sports & Outdoors,5148817.0,5085462.0
Makeup,Beauty Care,322.78,319.24
Puzzles,Sports & Outdoors,44.41,1006230.0
Audio,Home & Living,101.83,99.44
Team Sports,Fashion,40.25,931788.0
Accessories,Sports & Outdoors,54.52,51.91
Clothing,Electronic,1347585.0,52.55
Laptops,Fashion,6218000.0,6152000.0
Team Sports,Electronic,8461407000.0,349.73
Laptops,Fashion,6218000.0,6152000.0
Shoes,Electronic,1892679.0,1820201.0
Fitness,Toys,4631773.0,4621115000.0
Decor,Home & Living,7225741000.0,7216495.0
Cameras,Beauty Care,29.96,25.85
Phones,Sports & Outdoors,327.26,7804783.0
Fitness,Electronic,8137873000.0,8134643.0
Decor,Fashion,3713525000.0,3614233000.0
Skincare,Home & Living,7696000.0,7662000.0
Furniture,Toys,311.77,7395640000.0
Puzzles,Fashion,6338062000.0,6264776.0
Clothing,Fashion,6074000.0,6066994000.0
Blocks,Beauty Care,3722927.0,3630000.0
Shoes,Fashion,1638156.0,65.82
Accessories,Beauty Care,139.2,135.46
Accessories,Electronic,2088297000.0,2018869.0
Phones,Beauty Care,5316929000.0,5257997000.0
Wearables,Home & Living,9772492000.0,9675394.0
Accessories,Sports & Outdoors,7484000.0,7445524000.0
Haircare,Electronic,8477019.0,8409205.0
Wearables,Toys,5595216000.0,5552495000.0
Rc,Home & Living,5963087000.0,5959000.0
Cleaning,Electronic,78.04,75.88
Wearables,Fashion,2914000.0,2904380.0
Cycling,Toys,75.2,74.36
Furniture,Home & Living,3414390.0,3382803000.0
Outdoor,Toys,33.59,778351000.0
Decor,Fashion,4711171.0,195.01
Clothing,Sports & Outdoors,3289503.0,3281689.0
Kitchen,Home & Living,163590.0,107538.0
Accessories,Home & Living,704408.0,686471.0
Laptops,Home & Living,4530798000.0,4469982.0
Makeup,Electronic,6632797.0,274.66
Wearables,Electronic,404883000.0,12.77
Team Sports,Fashion,159.53,3804993.0
Wearables,Home & Living,8128000.0,337.65
Cameras,Toys,1279725.0,52.4
Haircare,Sports & Outdoors,186.16,4384505.0
Haircare,Sports & Outdoors,273.6,271.27
Makeup,Beauty Care,250.62,5995982.0
Furniture,Electronic,7626732.0,7579298.0
Cleaning,Home & Living,7521075.0,311.43
Outdoor,Electronic,2469142000.0,2404592.0
Laptops,Fashion,262.36,262.14
Puzzles,Home & Living,7279299.0,7199672.0
Cleaning,Sports & Outdoors,2918771.0,2885190.0
Wearables,Toys,205.13,4871622.0
Blocks,Home & Living,6401447.0,264.46
Cycling,Electronic,9028095.0,372.29
Audio,Toys,781557.0,30.26
